Велосипед ; б/у;399 р.;Минск, Советский
Велосипед ; б/у;399 р.;Минск, Советский
Велосипед ; б/у;250 р.;Минск, Фрунзенский
Велосипед ; б/у;110 р.;Гомельская, Мозырь
Велосипед ; б/у;440 р.;Гродно
Велосипед; б/у;100 р.;Минск, Советский
Велосипед детский зубренок ; новое;30 р.;Минск, Ленинский
Велосипеды; б/у;40 р.;Витебская, Орша
Велосипед stels; б/у;250 р.;Минск, Фрунзенский
Велосипед ; б/у;120 р.;Гродненская, Дятлово
Продам велосипед; б/у;200 р.;Гродненская, Новогрудок
Велосипед ; б/у;400 р.;Брест
Велосипед горный; б/у;390 р.;Гомельская, Мозырь
Cruiser 640 Lady 2018; б/у;850 р.;Минск, Московский
Велосипед ; б/у;130 р.;Минск, Фрунзенский
Bmx ; б/у;1 000 р.;Гродненская, Щучин
беговел 2 в 1; б/у;119 р.;Минск, Заводской
Велосипед ; б/у;400 р.;Брест
Продам велосипед; б/у;150 р.;Минск, Ленинский
Велосипед детский; б/у;30 р.;Гродно
Детский велосипед Stels Joy 14; б/у;50 р.;Минск, Первомайский
Велосипед puky; б/у;150 р.;Минск, Центральный
Велосипед 24; б/у;270 р.;Гомель
Велосипед из Германии; б/у;500 р.;Брестская, Пинск
Велосипед ; б/у;380 р.;Брест
bmx; б/у;250 р.;Брестская, Барановичи
Фикс; б/у;500 р.;Гродненская, Сморгонь
РЕМОНТ ВЕЛОСИПЕДОВ ул.Л.ЧАЙКИНОЙ 4 ; б/у;Договорная;Гродно
Велосипед фэтбайк Fuji ; б/у;2 650 р.;Минск, Московский
Format 2222 (2017); б/у;1 500 р.;Могилев
велосипед LTD rocco 30; б/у;290 р.;Минск, Ленинский
велосипед bmx ; б/у;500 р.;Минск, Ленинский
Велосипед ; б/у;600 р.;Брест
Велосипед STELS; б/у;250 р.;Витебск
Велосипед; б/у;200 р.;Минская, Смолевичи
Горный велосипед двухподвес avenger ; новое;570 р.;Брестская, Барановичи
Горный велосипед; б/у;150 р.;Могилевская, Осиповичи
Велосипед LTD Gravity 990 1x12 XT 29'' (2021) L; б/у;2 150 р.;Минск, Фрунзенский
Фирменный велосипед Haibike на 29 колесах; б/у;850 р.;Минск, Центральный
Велосипед из Германии, в идеальном состоянии; б/у;430 р.;Брест
Настройка велосипеда; б/у;Бесплатно;Витебская, Новополоцк
Велосипед Десна Феникс; б/у;120 р.;Могилев
Велосипед; б/у;500 р.;Брест
