–ü–æ—á—Ç–∞ Mail.Ru,mail.ru/,6855276
–ö–æ–º—Å–æ–º–æ–ª—å—Å–∫–∞—è –ø—Ä–∞–≤–¥–∞-Digital,kp.ru,4282603
Shkulev Media Holding,www.hsdigital.ru/,3155555
–ú–û–°–ö–û–í–°–ö–ò–ô –ö–û–ú–°–û–ú–û–õ–ï–¶,www.mk.ru,2744497
–¢–µ–ª–µ–∫–∞–Ω–∞–ª &quot;–¶–∞—Ä—å–≥—Ä–∞–¥&quot; - –ü–µ—Ä–≤—ã–π –†—É—Å—Å–∫–∏–π,tsargrad.tv/,2737126
–ò–∑–≤–µ—Å—Ç–∏—è,iz.ru,2653311
–†–ò–ê –ù–æ–≤–æ—Å—Ç–∏: –≥–ª–∞–≤–Ω—ã–µ –Ω–æ–≤–æ—Å—Ç–∏ —á–∞—Å–∞,ria.ru,2518337
Lenta.Ru,lenta.ru,1845187
–°–µ—Ç—å –≥–æ—Ä–æ–¥—Å–∫–∏—Ö –ø–æ—Ä—Ç–∞–ª–æ–≤ Shkulev Media Holding,mediakit.iportal.ru,1751350
–û—Ç–≤–µ—Ç—ã Mail.Ru,otvet.mail.ru/,1587508
"–†–ë–ö - –†–æ—Å–ë–∏–∑–Ω–µ—Å–ö–æ–Ω—Å–∞–ª—Ç–∏–Ω–≥ - –Ω–æ–≤–æ—Å—Ç–∏, –∫—É—Ä—Å—ã –≤–∞–ª—é—Ç, –ø–æ–≥–æ–¥–∞",www.rbc.ru,1365798
URA.Ru - –†–æ—Å—Å–∏–π—Å–∫–æ–µ –∏–Ω—Ñ–æ—Ä–º–∞—Ü–∏–æ–Ω–Ω–æ–µ –∞–≥–µ–Ω—Ç—Å—Ç–≤–æ,ura.ru/,1317628
–ì–∞–∑–µ—Ç–∞.Ru: –ì–ª–∞–≤–Ω—ã–µ –Ω–æ–≤–æ—Å—Ç–∏ –∏ –ø–æ–¥—Ä–æ–±–Ω–æ—Å—Ç–∏ —Ç–µ–∫—É—â–∏—Ö —Å–æ–±—ã—Ç–∏–π,www.gazeta.ru/,1313277
–†–∞–º–±–ª–µ—Ä/–º–µ–¥–∏–∞ - –≥–ª–∞–≤–Ω—ã–µ –Ω–æ–≤–æ—Å—Ç–∏ –∏ c–æ–±—ã—Ç–∏—è –≤ –†–æ—Å—Å–∏–∏ –∏ –º–∏—Ä–µ,news.rambler.ru/,1256050
–ö–∞—Ä—Ç–∞ –æ–Ω–ª–∞–π–Ω —Å–æ —Å–ø—Ä–∞–≤–æ—á–Ω–∏–∫–æ–º –æ—Ä–≥–∞–Ω–∏–∑–∞—Ü–∏–π ‚Äî 2–ì–ò–°,www.2gis.ru,1240742
HeadHunter Group - Online Hiring Services,hh.ru/,1166251
–†–æ—Å—Å–∏–π—Å–∫–∞—è –ì–∞–∑–µ—Ç–∞: –∏–∑–¥–∞–Ω–∏–µ –ü—Ä–∞–≤–∏—Ç–µ–ª—å—Å—Ç–≤–∞ –†–§,rg.ru/,1081283
Rutube - –ª—É—á—à–µ–µ –≤–∏–¥–µ–æ:),www.rutube.ru/,1064077
–ù–æ–≤–æ—Å—Ç–Ω–æ–π –∞–≥—Ä–µ–≥–∞—Ç–æ—Ä –°–ú–ò2,smi2.ru,1002395
–ú–µ–¥–∏–∞—Ö–æ–ª–¥–∏–Ω–≥ Levsha Digital,levsha.digital,977735
Women's Network Shkulev Media Holding,hearst-shkulev-media.ru,928467
"–ê—Ä–≥—É–º–µ–Ω—Ç—ã –∏ –§–∞–∫—Ç—ã //  –û–±—ä—è—Å–Ω—è–µ–º, —á—Ç–æ –ø—Ä–æ–∏—Å—Ö–æ–¥–∏—Ç",www.aif.ru,912243
LIFE.RU ‚Äî –ø–æ—Å–ª–µ–¥–Ω–∏–µ –Ω–æ–≤–æ—Å—Ç–∏ –†–æ—Å—Å–∏–∏ –∏ –º–∏—Ä–∞,life.ru/,867292
Teleprogramma.pro: —Ç–µ–ª–µ–≥–∏–¥ –∏ —à–æ—É-–±–∏–∑–Ω–µ—Å,teleprogramma.pro/,855370
1MI - —Ñ–µ–¥–µ—Ä–∞–ª—å–Ω—ã–π –º–µ–¥–∏–∞—Ö–æ–ª–¥–∏–Ω–≥,1mediainvest.ru/,815781
RT –Ω–∞ —Ä—É—Å—Å–∫–æ–º,russian.rt.com/,814232
–°–µ—Ç—å –ø–æ—Ä—Ç–∞–ª–æ–≤ PRO –ì–æ—Ä–æ–¥,progorod43.ru,657615
Men's Network Shkulev Media Holding,hearst-shkulev-media.ru,583222
–ò–Ω–æ–°–ú–ò,inosmi.ru/,565070
–ù–æ–≤–æ—Å—Ç–∏ –í–æ—Å—Ç–æ—á–Ω–æ–π –õ–µ–Ω—Ç—ã | –ú–µ–¥–∏–∞—Ö–æ–ª–¥–∏–Ω–≥ Levsha Digital,novostivl.ru/,560093
–ü–æ—á—Ç–∞ Mail.Ru,mail.ru/,6855276
–ö–æ–º—Å–æ–º–æ–ª—å—Å–∫–∞—è –ø—Ä–∞–≤–¥–∞-Digital,kp.ru,4282603
Shkulev Media Holding,www.hsdigital.ru/,3155555
–ú–û–°–ö–û–í–°–ö–ò–ô –ö–û–ú–°–û–ú–û–õ–ï–¶,www.mk.ru,2744497
–¢–µ–ª–µ–∫–∞–Ω–∞–ª &quot;–¶–∞—Ä—å–≥—Ä–∞–¥&quot; - –ü–µ—Ä–≤—ã–π –†—É—Å—Å–∫–∏–π,tsargrad.tv/,2737126
–ò–∑–≤–µ—Å—Ç–∏—è,iz.ru,2653311
–†–ò–ê –ù–æ–≤–æ—Å—Ç–∏: –≥–ª–∞–≤–Ω—ã–µ –Ω–æ–≤–æ—Å—Ç–∏ —á–∞—Å–∞,ria.ru,2518337
Lenta.Ru,lenta.ru,1845187
–°–µ—Ç—å –≥–æ—Ä–æ–¥—Å–∫–∏—Ö –ø–æ—Ä—Ç–∞–ª–æ–≤ Shkulev Media Holding,mediakit.iportal.ru,1751350
–û—Ç–≤–µ—Ç—ã Mail.Ru,otvet.mail.ru/,1587508
"–†–ë–ö - –†–æ—Å–ë–∏–∑–Ω–µ—Å–ö–æ–Ω—Å–∞–ª—Ç–∏–Ω–≥ - –Ω–æ–≤–æ—Å—Ç–∏, –∫—É—Ä—Å—ã –≤–∞–ª—é—Ç, –ø–æ–≥–æ–¥–∞",www.rbc.ru,1365798
URA.Ru - –†–æ—Å—Å–∏–π—Å–∫–æ–µ –∏–Ω—Ñ–æ—Ä–º–∞—Ü–∏–æ–Ω–Ω–æ–µ –∞–≥–µ–Ω—Ç—Å—Ç–≤–æ,ura.ru/,1317628
–ì–∞–∑–µ—Ç–∞.Ru: –ì–ª–∞–≤–Ω—ã–µ –Ω–æ–≤–æ—Å—Ç–∏ –∏ –ø–æ–¥—Ä–æ–±–Ω–æ—Å—Ç–∏ —Ç–µ–∫—É—â–∏—Ö —Å–æ–±—ã—Ç–∏–π,www.gazeta.ru/,1313277
–†–∞–º–±–ª–µ—Ä/–º–µ–¥–∏–∞ - –≥–ª–∞–≤–Ω—ã–µ –Ω–æ–≤–æ—Å—Ç–∏ –∏ c–æ–±—ã—Ç–∏—è –≤ –†–æ—Å—Å–∏–∏ –∏ –º–∏—Ä–µ,news.rambler.ru/,1256050
–ö–∞—Ä—Ç–∞ –æ–Ω–ª–∞–π–Ω —Å–æ —Å–ø—Ä–∞–≤–æ—á–Ω–∏–∫–æ–º –æ—Ä–≥–∞–Ω–∏–∑–∞—Ü–∏–π ‚Äî 2–ì–ò–°,www.2gis.ru,1240742
HeadHunter Group - Online Hiring Services,hh.ru/,1166251
–†–æ—Å—Å–∏–π—Å–∫–∞—è –ì–∞–∑–µ—Ç–∞: –∏–∑–¥–∞–Ω–∏–µ –ü—Ä–∞–≤–∏—Ç–µ–ª—å—Å—Ç–≤–∞ –†–§,rg.ru/,1081283
Rutube - –ª—É—á—à–µ–µ –≤–∏–¥–µ–æ:),www.rutube.ru/,1064077
–ù–æ–≤–æ—Å—Ç–Ω–æ–π –∞–≥—Ä–µ–≥–∞—Ç–æ—Ä –°–ú–ò2,smi2.ru,1002395
–ú–µ–¥–∏–∞—Ö–æ–ª–¥–∏–Ω–≥ Levsha Digital,levsha.digital,977735
Women's Network Shkulev Media Holding,hearst-shkulev-media.ru,928467
"–ê—Ä–≥—É–º–µ–Ω—Ç—ã –∏ –§–∞–∫—Ç—ã //  –û–±—ä—è—Å–Ω—è–µ–º, —á—Ç–æ –ø—Ä–æ–∏—Å—Ö–æ–¥–∏—Ç",www.aif.ru,912243
LIFE.RU ‚Äî –ø–æ—Å–ª–µ–¥–Ω–∏–µ –Ω–æ–≤–æ—Å—Ç–∏ –†–æ—Å—Å–∏–∏ –∏ –º–∏—Ä–∞,life.ru/,867292
Teleprogramma.pro: —Ç–µ–ª–µ–≥–∏–¥ –∏ —à–æ—É-–±–∏–∑–Ω–µ—Å,teleprogramma.pro/,855370
1MI - —Ñ–µ–¥–µ—Ä–∞–ª—å–Ω—ã–π –º–µ–¥–∏–∞—Ö–æ–ª–¥–∏–Ω–≥,1mediainvest.ru/,815781
RT –Ω–∞ —Ä—É—Å—Å–∫–æ–º,russian.rt.com/,814232
–°–µ—Ç—å –ø–æ—Ä—Ç–∞–ª–æ–≤ PRO –ì–æ—Ä–æ–¥,progorod43.ru,657615
Men's Network Shkulev Media Holding,hearst-shkulev-media.ru,583222
–ò–Ω–æ–°–ú–ò,inosmi.ru/,565070
–ù–æ–≤–æ—Å—Ç–∏ –í–æ—Å—Ç–æ—á–Ω–æ–π –õ–µ–Ω—Ç—ã | –ú–µ–¥–∏–∞—Ö–æ–ª–¥–∏–Ω–≥ Levsha Digital,novostivl.ru/,560093
–ù–æ–≤–æ—Å—Ç–∏ - –Ω–∞—à–µ –ø—Ä–∏–∑–≤–∞–Ω–∏–µ. –†–ï–ù –¢–í,ren.tv/,553548
–í–æ–∫—Ä—É–≥ —Å–≤–µ—Ç–∞,www.vokrugsveta.ru/,543817
–ß–µ–º–ø–∏–æ–Ω–∞—Ç: –≤–µ–¥—É—â–∏–π —Å–∞–π—Ç –æ —Å–ø–æ—Ä—Ç–µ,championat.com,540139
–ò–ê REGNUM,regnum.ru/,533205
&quot;–ö–æ–º–º–µ—Ä—Å–∞–Ω—Ç—ä&quot;. –ò–∑–¥–∞—Ç–µ–ª—å—Å–∫–∏–π –¥–æ–º,www.kommersant.ru/,526649
IRecommend - –æ—Ç–∑—ã–≤—ã –æ —Ç–æ–≤–∞—Ä–∞—Ö –∏ —É—Å–ª—É–≥–∞—Ö,irecommend.ru/,512169
–°–ü–û–†–¢-–≠–ö–°–ü–†–ï–°–°,sport-express.ru/,496749
"&lt;–ê–∫—Ç–∏–æ–Ω-–ú–¶–§–≠–†&gt; ‚Äî –∏–∑–¥–∞–Ω–∏—è –¥–ª—è –¥–∏—Ä–µ–∫—Ç–æ—Ä–æ–≤, —Ä—É–∫–æ–≤–æ–¥–∏—Ç–µ–ª–µ–π, –≥–ª–∞–≤–±—É—Ö–æ–≤",www.glavbukh.ru/,464238
–ù–æ–≤—ã–µ –ò–∑–≤–µ—Å—Ç–∏—è - 1MI,newizv.ru/,453968
"7–î–Ω–µ–π.—Ä—É - –í—Å—ë –æ –∑–≤–µ–∑–¥–∞—Ö! –ù–æ–≤–æ—Å—Ç–∏, –∏–Ω—Ç–µ—Ä–≤—å—é, —Ñ–æ—Ç–æ –∏ –≤–∏–¥–µ–æ –∑–≤–µ–∑–¥",7days.ru/,450060
–†–µ—Ü–µ–ø—Ç—ã –∫—É–ª–∏–Ω–∞—Ä–Ω—ã—Ö –±–ª—é–¥ –æ—Ç RussianFood.com,www.russianfood.com/,438198
NEWS.ru ‚îÄ –ò–Ω—Ñ–æ—Ä–º–∞—Ü–∏–æ–Ω–Ω—ã–π –ø–æ—Ä—Ç–∞–ª,news.ru/,424911
Rusprofile.ru - –±–µ—Å–ø–ª–∞—Ç–Ω–∞—è –ø—Ä–æ–≤–µ—Ä–∫–∞ –∫–æ–Ω—Ç—Ä–∞–≥–µ–Ω—Ç–∞,rusprofile.ru/,415520
–§–µ–¥–µ—Ä–∞–ª—å–Ω–æ–µ –∞–≥–µ–Ω—Ç—Å—Ç–≤–æ –Ω–æ–≤–æ—Å—Ç–µ–π,riafan.ru/,411947
–í–æ–µ–Ω–Ω–æ–µ –æ–±–æ–∑—Ä–µ–Ω–∏–µ,topwar.ru/,395967
–¢–ê–°–° - –ù–æ–≤–æ—Å—Ç–∏ –≤ –†–æ—Å—Å–∏–∏ –∏ –º–∏—Ä–µ,tass.ru,393327
–ú–æ–π –ú–∏—Ä Mail.Ru,my.mail.ru/,392588
–ê–Ω–∞–ª–∏—Ç–∏—á–µ—Å–∫–∏–π –∏–Ω—Ç–µ—Ä–Ω–µ—Ç-–∂—É—Ä–Ω–∞–ª &quot;–°–ª–æ–≤–æ –∏ –¥–µ–ª–æ&quot;,slovodel.com/,392373
–í–µ–¥–æ–º–æ—Å—Ç–∏ - –µ–∂–µ–¥–Ω–µ–≤–Ω–∞—è –¥–µ–ª–æ–≤–∞—è –≥–∞–∑–µ—Ç–∞,vedomosti.ru/,383531
–ù–∞—à–∞ –ì–∞–∑–µ—Ç–∞ –ù–æ–≤–æ—Ä–æ—Å—Å–∏–π—Å–∫,ngnovoros.ru/,378677
Overclockers.ru - –ü—Ä–æ—Ñ–µ—Å—Å–∏–æ–Ω–∞–ª—å–Ω—ã–µ –Ω–æ–≤–æ—Å—Ç–∏ –∏ —Å—Ç–∞—Ç—å–∏ Hard &amp; Soft &amp; Mobile,www.overclockers.ru/,362623
–§–æ–Ω—Ç–∞–Ω–∫–∞.–†—É - –Ω–æ–≤–æ—Å—Ç–∏ –ü–µ—Ç–µ—Ä–±—É—Ä–≥–∞,fontanka.ru/,358700
Sport24,sport24.ru,356672
–†–ò–ê–ú–û,riamo.ru,350586
"–≠–ö–°–ü–†–ï–°–° –≥–∞–∑–µ—Ç–∞ - –Ω–æ–≤–æ—Å—Ç–∏, –∞–Ω–∞–ª–∏—Ç–∏–∫–∞, –∏—Å—Ç–æ—Ä–∏–∏",www.eg.ru/,345884
–§–∏—à–∫–∏ –ù–µ—Ç - –ø–µ—Ä–≤–æ–µ —Ä–∞–∑–≤–ª–µ–∫–∞—Ç–µ–ª—å–Ω–æ–µ —Å–æ–æ–±—â–µ—Å—Ç–≤–æ –†—É–Ω–µ—Ç–∞,fishki.net/,342420
Starhit.ru - –ù–æ–≤–æ—Å—Ç–∏ —à–æ—É-–±–∏–∑–Ω–µ—Å–∞,starhit.ru,341635
–í–ó–ì–õ–Ø–î.–†–£,vz.ru/,339603
–ü—è—Ç—ã–π –∫–∞–Ω–∞–ª,5-tv.ru/,339110
Sportbox.ru,www.sportbox.ru,334033
ukraina.ru,ukraina.ru/,328561
–ù–∞—Ä–æ–¥–Ω—ã–µ –Ω–æ–≤–æ—Å—Ç–∏ –†–æ—Å—Å–∏–∏,nation-news.ru/,326173
"Woman.ru - –∏–Ω—Ç–µ—Ä–Ω–µ—Ç –¥–ª—è –∂–µ–Ω—â–∏–Ω: –∑–≤–µ–∑–¥—ã, –º–æ–¥–∞, –∫—Ä–∞—Å–æ—Ç–∞, –º—ã –∏ –º—É–∂—á–∏–Ω—ã",www.woman.ru/,319744
–ò–ê Eurasia Daily,eadaily.com/,314386
–ö—É—Ä—å–µ—Ä –°—Ä–µ–¥–∞ –ë–µ—Ä–¥—Å–∫,kurer-sreda.ru/,313845
–¢–µ–ª–µ–∫–∞–Ω–∞–ª 360¬∞,360tv.ru,311774
–°–µ—Ç–µ–≤–æ–µ –∏–∑–¥–∞–Ω–∏–µ M24.ru,www.m24.ru/,301370
"–ù–¢–í.ru - –ù–æ–≤–æ—Å—Ç–∏, –≤–∏–¥–µ–æ, –ø—Ä—è–º–æ–π —ç—Ñ–∏—Ä —Ç–µ–ª–µ–∫–∞–Ω–∞–ª–∞ –ù–¢–í",www.ntv.ru/,296544
üçÖ –ö—É–ª–∏–Ω–∞—Ä–Ω—ã–µ —Ä–µ—Ü–µ–ø—Ç—ã üç∞ 1000.menu üçîü•ë,1000.menu/,295853
E1.RU ‚Äî –ï–∫–∞—Ç–µ—Ä–∏–Ω–±—É—Ä–≥ –û–Ω-–õ–∞–π–Ω,e1.ru,294134
–û–±—â–µ—Å—Ç–≤–µ–Ω–Ω–∞—è –°–ª—É–∂–±–∞ –ù–æ–≤–æ—Å—Ç–µ–π,www.osnmedia.ru/,291578
–ï1.RU - –ï–∫–∞—Ç–µ—Ä–∏–Ω–±—É—Ä–≥ –æ–Ω–ª–∞–π–Ω. Shkulev Digital,e1.ru,269651
–≠–∫–æ–Ω–æ–º–∏–∫–∞ –°–µ–≥–æ–¥–Ω—è,rueconomy.ru/,268411
–ù–æ–≤–æ—Å—Ç–∏ –†–æ—Å—Å–∏–∏. –ù–æ–≤–æ—Å—Ç–Ω–æ–π –∞–≥—Ä–µ–≥–∞—Ç–æ—Ä smi.today,www.smi.today/ru_smi/,257922
–°–∞–º–∞—Ä–∞24,samaraonline24.ru,256328
"–ö–∏–Ω–æ-–¢–µ–∞—Ç—Ä.–†–£ - –∏–Ω—Ç–µ—Ä–≤—å—é, —Å—Ç–∞—Ç—å–∏, –ø—Ä–µ–º—å–µ—Ä—ã, –Ω–æ–≤–æ—Å—Ç–∏ –∫–∏–Ω–æ –∏ —Ç–µ–∞—Ç—Ä–∞",www.kino-teatr.ru/,251064
–ì–õ–ê–°.—Ä—É,glas.ru/,244297
"–í–æ–∫—Ä—É–≥ –¢–í - —Ç–µ–ª–µ–≥–∏–¥, —Ç–µ–ª–µ–ø—Ä–æ–≥—Ä–∞–º–º–∞ –∏ —ç–Ω—Ü–∏–∫–ª–æ–ø–µ–¥–∏—è —Ç–µ–ª–µ–≤–∏–¥–µ–Ω–∏—è",www.vokrug.tv/,242273
Woman.ru - –§–æ—Ä—É–º,hsdigital/wn/woman/forum,240643
–ù–µ–∑–∞–≤–∏—Å–∏–º—ã–π –ì–æ—Ä–æ–¥—Å–∫–æ–π –°–∞–π—Ç –ù–æ–≤–æ—Å–∏–±–∏—Ä—Å–∫–∞,ngs.ru,237708
PRIMPRESS.RU,primpress.ru/,226488
"–í–µ—á–µ—Ä–Ω—è—è –ú–æ—Å–∫–≤–∞ - –æ—Å–Ω–æ–≤–Ω—ã–µ —Å–æ–±—ã—Ç–∏—è –¥–Ω—è, –Ω–∞—Å—Ç–æ—è—â–µ–µ –∏ –±—É–¥—É—â–µ–µ —Å—Ç–æ–ª–∏—Ü—ã.",vmdaily.ru/,225000
Trashbox.ru ‚Äî –í—ã—Å–æ–∫–∏–µ —Ç–µ—Ö–Ω–æ–ª–æ–≥–∏–∏,trashbox.ru,221850
NGS.RU - –≥–ª–∞–≤–Ω—ã–µ –Ω–æ–≤–æ—Å—Ç–∏ –ù–æ–≤–æ—Å–∏–±–∏—Ä—Å–∫–∞. Shkulev Digital,news.ngs.ru/,216528
–ì–ª–∞–≤–Ω—ã–π —Ä–µ–≥–∏–æ–Ω–∞–ª—å–Ω—ã–π,glavny.tv/,209998
–†–µ–ø–æ—Ä—Ç—ë—Ä,topcor.ru/,209030
MSK.KP.RU: –≥–ª–∞–≤–Ω—ã–µ –Ω–æ–≤–æ—Å—Ç–∏ –ú–æ—Å–∫–≤—ã,msk.kp.ru,203062
Tverigrad.ru | –ì–ª–∞–≤–Ω—ã–π –∏–Ω—Ñ–æ—Ä–º–∞—Ü–∏–æ–Ω–Ω—ã–π –ø–æ—Ä—Ç–∞–ª –¢–≤–µ—Ä—Å–∫–æ–π –æ–±–ª–∞—Å—Ç–∏,tverigrad.ru/,191554
–ò–Ω—Ñ–æ—Ä–º–∞—Ü–∏–æ–Ω–Ω—ã–π –ø–æ—Ä—Ç–∞–ª PNZ.RU,pnz.ru/,189666
4PDA.ru,4pda.ru/,185723
PlayGround.ru - –†–æ—Å—Å–∏–π—Å–∫–∏–π –ò–≥—Ä–æ–≤–æ–π –°–µ—Ä–≤–µ—Ä,www.PlayGround.ru,182408
–§–ò–õ–¨–ú.–†–£: –Ω–∞—Ü–∏–æ–Ω–∞–ª—å–Ω—ã–π –∫–∏–Ω–æ–ø–æ—Ä—Ç–∞–ª,film.ru/,177450
Forbes –†–æ—Å—Å–∏—è,www.forbes.ru/,169937
–ö–ª–æ–ø—Å,klops.ru/,167603
–ö—Ä–∞—Å–æ—Ç–∞ –∏ –ú–µ–¥–∏—Ü–∏–Ω–∞,www.krasotaimedicina.ru/,164990
–Ø–ü–ª–∞–∫–∞–ª—ä - –∫—Ä—É–ø–Ω–µ–π—à–µ–µ –∏–Ω—Ñ–æ—Ä–º–∞—Ü–∏–æ–Ω–Ω–æ-—Ä–∞–∑–≤–ª–µ–∫–∞—Ç–µ–ª—å–Ω–æ–µ —Å–æ–æ–±—â–µ—Å—Ç–≤–æ —Ä—É–Ω–µ—Ç–∞,yaplakal.com/,161974
–ê–≤—Ç–æ–í–∑–≥–ª—è–¥ - –∞–≤—Ç–æ –Ω–æ–≤–æ—Å—Ç–∏,avtovzglyad.ru/,160822
V1.RU - –≥–ª–∞–≤–Ω—ã–µ –Ω–æ–≤–æ—Å—Ç–∏ –í–æ–ª–≥–æ–≥—Ä–∞–¥–∞. Shkulev Digital,v1.ru,159608
–ì—Ä—É–ø–ø–∞ —Å–∞–π—Ç–æ–≤ V1.ru,v1.ru,159450
–ú–æ–±–∏–ª—å–Ω–∞—è –≤–µ—Ä—Å–∏—è –ú–æ–µ–≥–æ –ú–∏—Ä–∞ Mail.Ru,m.my.mail.ru/,157377
–ö—É–±–∞–Ω—Å–∫–∏–µ –ù–æ–≤–æ—Å—Ç–∏,kubnews.ru/,154308
–ñ—É—Ä–Ω–∞–ª &quot;–ó–∞ —Ä—É–ª–µ–º&quot;. –ê–≤—Ç–æ–º–æ–±–∏–ª–∏ –≤ –†–æ—Å—Å–∏–∏,zr.ru/,152338
–ö–ª–µ—Ä–∫.–†—É  -  –ø—Ä–∞–∫—Ç–∏—á–µ—Å–∫–∞—è –ø–æ–º–æ—â—å –±—É—Ö–≥–∞–ª—Ç–µ—Ä—É,www.klerk.ru/,149848
–¶–∞—Ä—å–≥—Ä–∞–¥ –ù–æ–≤–æ—Å–∏–±–∏—Ä—Å–∫,nsk.tsargrad.tv/,149792
–ü–æ–ª–∏—Ç–∏—á–µ—Å–∫–∞—è –†–æ—Å—Å–∏—è,politros.com/,147691
SM.NEWS. –ú–µ–¥–∏–∞—Ö–æ–ª–¥–∏–Ω–≥ Levsha Digital,sm.news/,147029
"–ö–∞—Ä—Ç–∞ –ú–æ—Å–∫–≤—ã: —É–ª–∏—Ü—ã, –¥–æ–º–∞ –∏ –æ—Ä–≥–∞–Ω–∏–∑–∞—Ü–∏–∏ –≥–æ—Ä–æ–¥–∞ ‚Äî 2–ì–ò–°",2gis.ru,144558
–°–µ–º—å—è &quot;–ö–ü&quot;,www.kp.ru/family,141825
–ë–µ—Ä–¥—Å–∫ –æ–Ω–ª–∞–π–Ω,berdsk-online.ru/,141145
–ù–°–ù: –ù–∞—Ü–∏–æ–Ω–∞–ª—å–Ω–∞—è –°–ª—É–∂–±–∞ –ù–æ–≤–æ—Å—Ç–µ–π - –≤—Å–µ –Ω–æ–≤–æ—Å—Ç–∏ –¥–Ω—è,nsn.fm/,140028
"–ë—É—Ö–≥–∞–ª—Ç–µ—Ä—Å–∫–∏–π —É—á–µ—Ç, –Ω–∞–ª–æ–≥–∏, –∞—É–¥–∏—Ç –≤ –†–§",www.audit-it.ru/,135081
Medaboutme (–º–µ–¥–∏—Ü–∏–Ω–∞ –æ–±–æ –º–Ω–µ) - –∏–Ω—Ñ–æ—Ä–º–∞—Ü–∏–æ–Ω–Ω–∞—è –º–µ–¥–∏—Ü–∏–Ω—Å–∫–∞—è —Å–∏—Å—Ç–µ–º–∞,medaboutme.ru/,134599
"–ü–æ—Ä—Ç–∞–ª ProKazan.ru - –Ω–æ–≤–æ—Å—Ç–∏ –ö–∞–∑–∞–Ω–∏ –∏ –¢–∞—Ç–∞—Ä—Å—Ç–∞–Ω–∞, —Å–æ–±—ã—Ç–∏—è, –ø—Ä–æ–∏—Å—à–µ—Å—Ç–≤–∏—è, –î–¢–ü",prokazan.ru/,133752
–¢–æ—Ä–≥–æ–≤–∞—è –ø–ª–æ—â–∞–¥–∫–∞ –ü—É–ª—å—Å —Ü–µ–Ω,pulscen.ru/,133697
–°—Ç—É–¥–æ–ø–µ–¥–∏—è ‚Äî –í–∞—à–∞ —à–∫–æ–ª–æ–ø–µ–¥–∏—è,studopedia.ru/,132548
–¢—É—Ä–∏—Å—Ç–µ—Ä.–†—É,tourister.ru,129756
–†–∞–±–æ—Ç–∞ –≤ –°–∞–Ω–∫—Ç-–ü–µ—Ç–µ—Ä–±—É—Ä–≥–µ  -  Spb.hh.ru (HeadHunter Group),spb.hh.ru/,128777
–ò–Ω—Ñ–æ—Ä–º–∞—Ü–∏–æ–Ω–Ω–∞—è —Å–∏—Å—Ç–µ–º–∞ 1–°:–ò–¢–°,its.1c.ru/,128709
BFM.ru - –¥–µ–ª–æ–≤–æ–π –ø–æ—Ä—Ç–∞–ª,bfm.ru/,128242
–ë–ò–ó–ù–ï–° –û–ù–õ–ê–ô–ù - –î–µ–ª–æ–≤—ã–µ –Ω–æ–≤–æ—Å—Ç–∏ –ö–∞–∑–∞–Ω–∏ –∏ –¢–∞—Ç–∞—Ä—Å—Ç–∞–Ω–∞,www.business-gazeta.ru/,126796
–†–ò–ê –ù–æ–≤–æ—Å—Ç–∏ –°–ø–æ—Ä—Ç. –í—Å–µ –≥–ª–∞–≤–Ω—ã–µ –Ω–æ–≤–æ—Å—Ç–∏ —Å–ø–æ—Ä—Ç–∞,rsport.ria.ru/,126669
–ö–¢–í-–õ–£–ß,ktv-ray.ru/,125154
–ñ—É—Ä–Ω–∞–ª ¬´–ì–ª–∞–≤–±—É—Ö¬ª,www.glavbukh.ru,125072
msk1.ru - –≥–ª–∞–≤–Ω—ã–µ –Ω–æ–≤–æ—Å—Ç–∏ –ú–æ—Å–∫–≤—ã –∏ –†–æ—Å—Å–∏–∏. Shkulev Digital,mosk.ru,124592
–ù—å—é–ò–Ω—Ñ–æ—Ä–º,newinform.com/,123620
"3DNews - –≤—Å–µ –æ –∫–æ–º–ø—å—é—Ç–µ—Ä–∞—Ö, –∫–æ–º–ø–ª–µ–∫—Ç—É—é—â–∏—Ö, –≥–∞–¥–∂–µ—Ç–∞—Ö –∏ —Å–æ—Ñ—Ç–µ",3dnews.ru/,122248
"3DNews - –≤—Å–µ –æ –∫–æ–º–ø—å—é—Ç–µ—Ä–∞—Ö, –∫–æ–º–ø–ª–µ–∫—Ç—É—é—â–∏—Ö, –≥–∞–¥–∂–µ—Ç–∞—Ö –∏ —Å–æ—Ñ—Ç–µ",3dnews.ru/,122248
&quot;–ö–æ–º—Å–æ–º–æ–ª—å—Å–∫–∞—è –ø—Ä–∞–≤–¥–∞&quot; –ù–æ–≤–æ—Å–∏–±–∏—Ä—Å–∫,nsk.kp.ru,121335
–ò–Ω—Ç–µ—Ä–∞–∫—Ç–∏–≤–Ω–æ-–Ω–æ–≤–æ—Å—Ç–Ω–æ–π –ø–æ—Ä—Ç–∞–ª PROGOROD43.ru,progorod43.ru/,120893
–†–µ–≥–∏–æ–Ω–∞–ª—å–Ω—ã–µ –Ω–æ–≤–æ—Å—Ç–∏ - —Ä–µ–≥–∏–æ–Ω–∞–ª—å–Ω—ã–π –º–µ–¥–∏–∞—Ö–æ–ª–¥–∏–Ω–≥,newstula.ru,119057
–ö—É–ª–∏–Ω–∞—Ä–Ω—ã–π –ø–æ—Ä—Ç–∞–ª &quot;–ì–ê–°–¢–†–û–ù–û–ú&quot;,www.gastronom.ru/,118308
–ú–û–Å! Online. –í—Å–µ –Ω–æ–≤–æ—Å—Ç–∏ –í–æ—Ä–æ–Ω–µ–∂–∞,www.moe-online.ru,116462
–¢–∞—Ç–º–µ–¥–∏–∞,tatmedia.ru/,115190
"PrimaMedia - –Ω–æ–≤–æ—Å—Ç–∏ –î–∞–ª—å–Ω–µ–≥–æ –í–æ—Å—Ç–æ–∫–∞, –í–ª–∞–¥–∏–≤–æ—Å—Ç–æ–∫–∞, –ü—Ä–∏–º–æ—Ä—Å–∫–æ–≥–æ –∫—Ä–∞—è",primamedia.ru,112977
&quot;–ö–æ–º—Å–æ–º–æ–ª—å—Å–∫–∞—è –ø—Ä–∞–≤–¥–∞&quot; –°–∞–Ω–∫—Ç-–ü–µ—Ç–µ—Ä–±—É—Ä–≥,spb.kp.ru,111694
"–û–≥—Ä–æ–º–Ω—ã–π –≤—ã–±–æ—Ä —ç–ª–µ–∫—Ç—Ä–æ–Ω–Ω—ã—Ö –∫–Ω–∏–≥, –º—É–ª—å—Ç–∏–º–µ–¥–∏–∞ –∫–Ω–∏–≥ –∏ –∞—É–¥–∏–æ–∫–Ω–∏–≥",www.litres.ru/,111429
–ò–Ω—Ñ–æ—Ä–º–∞—Ü–∏–æ–Ω–Ω–æ–µ –∞–≥–µ–Ω—Ç—Å—Ç–≤–æ RuNews24.ru,runews24.ru/,111227
–°–∏–±.—Ñ–º ‚Äî –∏–Ω—Ç–µ—Ä–Ω–µ—Ç-–∂—É—Ä–Ω–∞–ª –æ –°–∏–±–∏—Ä–∏,sib.fm/,110341
AstroMeridian.Ru - —ç–∑–æ—Ç–µ—Ä–∏—á–µ—Å–∫–∏–π –∏–Ω—Ç–µ—Ä–Ω–µ—Ç –∂—É—Ä–Ω–∞–ª,www.astromeridian.ru/,109920
"–†–∞–±–æ—Ç–∞, –≤–∞–∫–∞–Ω—Å–∏–∏, –ø–æ–¥–±–æ—Ä –ø–µ—Ä—Å–æ–Ω–∞–ª–∞, —Ä–µ–∑—é–º–µ, –ø–æ–∏—Å–∫ —Ä–∞–±–æ—Ç—ã - SuperJob",www.superjob.ru/,109673
ProFinance.Ru: | –†–´–ù–û–ö FOREX | –ù–û–í–û–°–¢–ò | –ü–†–û–ì–ù–û–ó–´ | –§–û–†–£–ú–´ |,www.forexpf.ru/,109447
–ñ–∏–∑–Ω–µ—Å—Ç–æ—Ä–∏–∏,zstory.ru,109268
BLITZ+,blitz.plus/,108103
Kaluga-poisk.ru - –≥–æ—Ä–æ–¥—Å–∫–æ–π –∏–Ω—Ñ–æ—Ä–º–∞—Ü–∏–æ–Ω–Ω—ã–π –ø–æ—Ä—Ç–∞–ª,kaluga-poisk.ru/,107803
–í—Å–µ –≤–∞–∫–∞–Ω—Å–∏–∏ –†–æ—Å—Å–∏–∏ - GorodRabot.ru,gorodrabot.ru/,105589
CyberSport.ru ‚Äì –ø–æ—Ä—Ç–∞–ª –æ –∫–∏–±–µ—Ä—Å–ø–æ—Ä—Ç–µ,www.cybersport.ru/,105456
–ü—Ä–æ–ì–æ—Ä–æ–¥ –°–∞–º–∞—Ä–∞ - –Ω–æ–≤–æ—Å—Ç–∏ C–∞–º–∞—Ä—ã,progorodsamara.ru/,104846
theGirl: –æ–Ω–ª–∞–π–Ω-–∂—É—Ä–Ω–∞–ª –¥–ª—è –¥–µ–≤—É—à–µ–∫,ellegirl.ru,104771
LiveInternet.ru - –ª—É—á—à–∞—è —Å—Ç–∞—Ç–∏—Å—Ç–∏–∫–∞ –≤ –∏–Ω—Ç–µ—Ä–Ω–µ—Ç–µ –±–µ—Å–ø–ª–∞—Ç–Ω–æ,www.liveinternet.ru/,103431
–ì–£–ü P–ë –ò–∑–¥–∞—Ç–µ–ª—å—Å–∫–∏–π –¥–æ–º P–µ—Å–ø—É–±–ª–∏–∫–∞ –ë–∞—à–∫–æ—Ä—Ç–æ—Å—Ç–∞–Ω,rbsmi.ru,103160
–±—ç–±–∏.—Ä—É - –±—ã—Ç—å —Å—á–∞—Å—Ç–ª–∏–≤—ã–º–∏ —Ä–æ–¥–∏—Ç–µ–ª—è–º–∏,www.baby.ru/,102748
–ú–µ–∂–¥—É–Ω–∞—Ä–æ–¥–Ω—ã–π –æ–±—Ä–∞–∑–æ–≤–∞—Ç–µ–ª—å–Ω—ã–π –ø–æ—Ä—Ç–∞–ª –ú–ê–ê–ú,www.maam.ru/,102416
"–í—ã–±–µ—Ä—É.—Ä—É - –ë–∞–Ω–∫–∏, –°—Ç—Ä–∞—Ö–æ–≤–∞–Ω–∏–µ",www.viberu.ru,101823
–ö–æ–º—Å–æ–º–æ–ª—å—Å–∫–∞—è –ø—Ä–∞–≤–¥–∞ ‚Äî –ó–¥–æ—Ä–æ–≤—å–µ,www.kp.ru/doctor,100910
–í–µ—Å—å –ò—Å–∫–∏—Ç–∏–º,vesiskitim.ru/,100791
–ì—Ä—É–ø–ø–∞ —Å–∞–π—Ç–æ–≤ 59.ru,59.ru,100203
59.RU- –≥–ª–∞–≤–Ω—ã–µ –Ω–æ–≤–æ—Å—Ç–∏ –ü–µ—Ä–º–∏. Shkulev Digital,59.ru,100060
Tabor.ru - –°–∞–π—Ç –∑–Ω–∞–∫–æ–º—Å—Ç–≤ –Ω–æ–≤–æ–≥–æ –ø–æ–∫–æ–ª–µ–Ω–∏—è!,tabor.ru/,98994
LiveLib ‚Äî —Å–æ—Ü–∏–∞–ª—å–Ω–∞—è —Å–µ—Ç—å —á–∏—Ç–∞—Ç–µ–ª–µ–π –∫–Ω–∏–≥,livelib.ru/,98190
–ì–∞–∑–µ—Ç–∞.Ru: –û–±—â–µ—Å—Ç–≤–æ,gazeta.ru/social/,97972
"–ì—Ä—É–ø–ø–∞ —Å–∞–π—Ç–æ–≤ –Ω–æ–≤–æ—Å—Ç–µ–π: –£—Ñ–∞, –ü–µ—Ä–º—å, –û–º—Å–∫, –°.-–ü–µ—Ç–µ—Ä–±—É—Ä–≥, –ï–∫–∞—Ç–µ—Ä–∏–Ω–±—É—Ä–≥",ekb-on-air.ru/,97147
–ú–µ–¥–£–Ω–∏–≤–µ—Ä - –≤—Å–µ –ø–æ –º–µ–¥–∏—Ü–∏–Ω–µ,meduniver.com/,96043
–°–≤–æ–±–æ–¥–Ω–∞—è –ü—Ä–µ—Å—Å–∞ / svpressa.ru,svpressa.ru/,95423
–ù–µ–∑–∞–≤–∏—Å–∏–º—ã–π –ì–æ—Ä–æ–¥—Å–∫–æ–π –°–∞–π—Ç –ö—Ä–∞—Å–Ω–æ—è—Ä—Å–∫–∞,ngs24.ru,94789
NGS24.RU - –≥–ª–∞–≤–Ω—ã–µ –Ω–æ–≤–æ—Å—Ç–∏ –ö—Ä–∞—Å–Ω–æ—è—Ä—Å–∫–∞. Shkulev Digital,news.ngs24.ru/,94433
Marie Claire,marieclaire.ru,92344
¬´–ï–¥–∏–º –î–æ–º–∞!¬ª ‚Äî –∫—É–ª–∏–Ω–∞—Ä–Ω–∞—è —Å–æ—Ü–∏–∞–ª—å–Ω–∞—è —Å–µ—Ç—å. –†–µ—Ü–µ–ø—Ç—ã.,edimdoma.ru/,92057
–ì—Ä—É–ø–ø–∞ —Å–∞–π—Ç–æ–≤ 72.ru,72.ru,92038
–†—É—Å—Å–∫–∞—è –í–µ—Å–Ω–∞,rusvesna.su,91853
–ñ–µ–Ω—Å–∫–∏–µ —Å–∞–π—Ç—ã –≥—Ä—É–ø–ø—ã &quot;–ú–µ–¥–∏–∞–§–æ—Ä—Ç&quot;,www.mediafort.ru/,90449
&quot;–ö–æ–º—Å–æ–º–æ–ª—å—Å–∫–∞—è –ø—Ä–∞–≤–¥–∞&quot; –ö—Ä–∞—Å–Ω–æ—è—Ä—Å–∫,krsk.kp.ru,90279
"GamesisArt.ru - —Ç–µ–æ—Ä–∏—è –∫–æ–º–ø—å—é—Ç–µ—Ä–Ω—ã—Ö –∏–≥—Ä, —Ä–∞–∑—Ä–∞–±–æ—Ç–∫–∞, –∏–Ω–¥–∏, –ø—Ä–æ—Ö–æ–∂–¥–µ–Ω–∏—è",gamesisart.ru/,90029
&quot;–î–æ–∫—Ç–æ—Ä –ü–∏—Ç–µ—Ä&quot; - —Å–∞–π—Ç –æ –∑–¥–æ—Ä–æ–≤—å–µ,doctorpiter.ru/,89647
72.RU - –≥–ª–∞–≤–Ω—ã–µ –Ω–æ–≤–æ—Å—Ç–∏ –¢—é–º–µ–Ω–∏. Shkulev Digital,72.ru,89630
–ì–î–ó,gdz-raketa.ru/,88837
–§–∏–Ω–∞–º.RU¬© - –í–µ—Å—å —Å–ø–µ–∫—Ç—Ä –æ–ø–µ—Ä–∞—Ç–∏–≤–Ω–æ–π —Ñ–∏–Ω–∞–Ω—Å–æ–≤–æ–π –∏–Ω—Ñ–æ—Ä–º–∞—Ü–∏–∏,finam.ru,88540
–ú–∞–ª–æ—ç—Ç–∞–∂–Ω–∞—è —Å—Ç—Ä–∞–Ω–∞ - —Å–∞–º—ã–π –ø–æ–ø—É–ª—è—Ä–Ω—ã–π –ø–æ—Ä—Ç–∞–ª –ø–æ —Å—Ç—Ä–æ–∏—Ç–µ–ª—å—Å—Ç–≤—É.,m-strana.ru/,88176
–ì–æ—Ä–æ–¥—Å–∫–æ–π –ø–æ—Ä—Ç–∞–ª –í–æ–ª–æ–≥–¥–∞ –ø–æ–∏—Å–∫,vologda-poisk.ru/,83413
–ú–æ—Å–ª–µ–Ω—Ç–∞ - –∏–Ω—Ç–µ—Ä–Ω–µ—Ç-–∏–∑–¥–∞–Ω–∏–µ –æ –ú–æ—Å–∫–≤–µ,moslenta.ru/,83164
Woman.ru –ú–µ–¥–∏–∞,hsdigital/wn/woman/media,82715
–ë—É—Ö–æ–Ω–ª–∞–π–Ω - –Ω–æ–≤–æ—Å—Ç–∏ –∏ —Å—Ç–∞—Ç—å–∏ –¥–ª—è –±—É—Ö–≥–∞–ª—Ç–µ—Ä–∞,www.buhonline.ru/,82609
–°–∞–π—Ç –¥–ª—è –∏–Ω—Ç–µ—Ä–µ—Å—É—é—â–∏—Ö—Å—è –≤—ã—Å—à–∏–º –æ–±—Ä–∞–∑–æ–≤–∞–Ω–∏–µ–º,vuzopedia.ru/,82180
–ö–æ–º—Å–æ–º–æ–ª—å—Å–∫–∞—è –ø—Ä–∞–≤–¥–∞ ‚Äî –ñ–µ–Ω—Å–∫–∏–µ —Å–µ–∫—Ä–µ—Ç—ã,www.kp.ru/woman,81904
–¢–µ–ª–µ–∫–∞–Ω–∞–ª –°–¢–°,ctc.ru/,81757
–Ø –ü–æ–∫—É–ø–∞—é - –†–æ—Å—Å–∏—è,www.lookmart.ru/,81702
–ü–æ–ª–∏—Ç–≠–∫—Å–ø–µ—Ä—Ç - –û–±—â–µ—Å—Ç–≤–µ–Ω–Ω—ã–π –ø–æ–ª–∏—Ç–∏—á–µ—Å–∫–∏–π –∂—É—Ä–Ω–∞–ª,politexpert.net/,81446
–î–µ–ª–æ–≤–æ–π –ü–µ—Ç–µ—Ä–±—É—Ä–≥,www.dp.ru,81118
–ì—Ä—É–ø–ø–∞ —Å–∞–π—Ç–æ–≤ 74.ru,74.ru,81006
Tophotels - —Ä–µ–π—Ç–∏–Ω–≥ –æ—Ç–µ–ª–µ–π –º–∏—Ä–∞,tophotels.ru/,80909
74.ru - –≥–ª–∞–≤–Ω—ã–µ –Ω–æ–≤–æ—Å—Ç–∏ –ß–µ–ª—è–±–∏–Ω—Å–∫–∞. Shkulev Digital,74.ru,80376
The Moscow Post,www.moscow-post.su/,80181
AndroidInsider.ru - –°–∞–º–æ–µ –∏–Ω—Ç–µ—Ä–µ—Å–Ω–æ–µ –∏–∑ –º–∏—Ä–∞ Android,androidinsider.ru/,79400
iPhone,www.iphones.ru/,78870
–°—Ç–∏—Ö–∏.—Ä—É - –Ω–∞—Ü–∏–æ–Ω–∞–ª—å–Ω—ã–π —Å–µ—Ä–≤–µ—Ä —Å–æ–≤—Ä–µ–º–µ–Ω–Ω–æ–π –ø–æ—ç–∑–∏–∏,www.stihi.ru/,78774
–¶–∞—Ä—å–≥—Ä–∞–¥ –°–∞–Ω–∫—Ç-–ü–µ—Ç–µ—Ä–±—É—Ä–≥,spb.tsargrad.tv/,78753
–°–∞–π—Ç –í–ª–∞–¥–∏–≤–æ—Å—Ç–æ–∫–∞,vl.ru/,78459
–ù–æ–≤–æ—Å—Ç–∏ –°–∞—Ö–∞–ª–∏–Ω–∞ –∏ –ö—É—Ä–∏–ª - –ø–æ—Ä—Ç–∞–ª –ê–°–¢–í,astv.ru/,78122
WomanHIT.ru - –≤—Å–µ –Ω–æ–≤–æ—Å—Ç–∏ —à–æ—É-–±–∏–∑–Ω–µ—Å–∞,womanhit.ru/,77842
–†–æ—Å–±–∞–ª—Ç - –ù–æ–≤–æ—Å—Ç–∏ –†–æ—Å—Å–∏–∏ –∏ –º–∏—Ä–∞ —Å–µ–≥–æ–¥–Ω—è,rosbalt.ru/,77674
–ö–∏–Ω–æ –∏ –°–µ—Ä–∏–∞–ª—ã –ö–ü,www.kp.ru/putevoditel/serialy,77642
–°–µ—Ç—å –≥–æ—Ä–æ–¥—Å–∫–∏—Ö –ø–æ—Ä—Ç–∞–ª–æ–≤ –ø–æ–∫—É–ø–∞—Ç–µ–ª—è BLIZKO.ru,blizko.ru,76506
–ü–æ–ª–∏—Ç–∏–∫–∞ –°–µ–≥–æ–¥–Ω—è,fapnews.ru/,75834
¬´–í—ã–±–æ—Ä —ç–∫—Å–ø–µ—Ä—Ç–æ–≤¬ª –ö–ü,www.kp.ru/expert,75302
"–ö–∞—Ä—Ç–∞ –ù–æ–≤–æ—Å–∏–±–∏—Ä—Å–∫–∞: —É–ª–∏—Ü—ã, –¥–æ–º–∞ –∏ –æ—Ä–≥–∞–Ω–∏–∑–∞—Ü–∏–∏ –≥–æ—Ä–æ–¥–∞ ‚Äî 2–ì–ò–°",2gis.ru,73967
"sMart-lab.ru - –ë–ª–æ–≥–∏ –ò–Ω–≤–µ—Å—Ç–æ—Ä–æ–≤, –§–æ—Ä—É–º—ã –ø–æ –∞–∫—Ü–∏—è–º, –ö–æ—Ç–∏—Ä–æ–≤–∫–∏",smart-lab.ru/,72635
"sMart-lab.ru - –ë–ª–æ–≥–∏ –ò–Ω–≤–µ—Å—Ç–æ—Ä–æ–≤, –§–æ—Ä—É–º—ã –ø–æ –∞–∫—Ü–∏—è–º, –ö–æ—Ç–∏—Ä–æ–≤–∫–∏",smart-lab.ru/,72635
Eda.ru,eda.ru/,72496
"–ö–∞—Ä—Ç–∞ –°–∞–Ω–∫—Ç-–ü–µ—Ç–µ—Ä–±—É—Ä–≥–∞: —É–ª–∏—Ü—ã, –¥–æ–º–∞ –∏ –æ—Ä–≥–∞–Ω–∏–∑–∞—Ü–∏–∏ –≥–æ—Ä–æ–¥–∞ ‚Äî 2–ì–ò–°",2gis.ru,72356
Pro –ì–æ—Ä–æ–¥ –£—Ö—Ç–∞,progoroduhta.ru/,71987
FORUMHOUSE ‚Äì —Å–∞–º—ã–π –ø–æ–ø—É–ª—è—Ä–Ω—ã–π –∏ –∞–≤—Ç–æ—Ä–∏—Ç–µ—Ç–Ω—ã–π –ø–æ—Ä—Ç–∞–ª –æ —Å—Ç—Ä–æ–∏—Ç–µ–ª—å—Å—Ç–≤–µ –≤ –†–æ—Å—Å–∏–∏,www.forumhouse.ru/,71484
–Ø–∫—É—Ç—Å–∫–æ–µ-–°–∞—Ö–∞ –∏–Ω—Ñ–æ—Ä–º–∞—Ü–∏–æ–Ω–Ω–æ–µ –∞–≥–µ–Ω—Ç—Å—Ç–≤–æ,ysia.ru/,70530
–ì–∞–∑–µ—Ç–∞.Ru: –ü–æ–ª–∏—Ç–∏–∫–∞,gazeta.ru/politics/,69649
–ö–æ–º—Å–æ–º–æ–ª—å—Å–∫–∞—è –ø—Ä–∞–≤–¥–∞. –°–ø–æ—Ä—Ç,www.kp.ru/sports,69639
ONREALT.RU ‚Äî –í–∞—à –ø—Ä–æ–≤–æ–¥–Ω–∏–∫ –≤ –º–∏—Ä–µ –Ω–µ–¥–≤–∏–∂–∏–º–æ—Å—Ç–∏.,onrealt.ru/,69582
Autonews.ru: –Ω–æ–≤–æ—Å—Ç–∏ –æ–± –∞–≤—Ç–æ–º–æ–±–∏–ª—è—Ö,www.autonews.ru/,69426
–ü—Ä—É—Ñ—ã,prufy.ru,69018
SpravPortal - –°–ø—Ä–∞–≤–æ—á–Ω—ã–π –ø–æ—Ä—Ç–∞–ª,www.spravportal.ru/,68743
–í–µ—Å—Ç–∏.—Ä—É,vesti.ru/,67522
–ê–ò–§ –ö—É–ª—å—Ç—É—Ä–∞,aif.ru/culture/,67214
–§–æ—Ç–æ–°—Ç—Ä–∞–Ω–∞ ‚Äì —Ä–∞–∑–≤–ª–µ–∫–∞—Ç–µ–ª—å–Ω–∞—è —Å–æ—Ü–∏–∞–ª—å–Ω–∞—è —Å–µ—Ç—å,fotostrana.ru,67064
–í—Å–µ —Ä–µ—Ü–µ–ø—Ç—ã —Ä—É–Ω–µ—Ç–∞ - –ü–æ–≤–∞—Ä.—Ä—É,povar.ru/,66830
–ü–æ–≤–∞—Ä–µ–Ω–æ–∫.—Ä—É - –≤—Å—ë –æ –∫—É–ª–∏–Ω–∞—Ä–∏–∏,www.povarenok.ru/,66708
–ò–ê &quot;–í–æ—Å—Ç–æ–∫-–ú–µ–¥–∏–∞&quot; - 1MI,vostokmedia.ru/,66531
–ö–∞—Ç–∞–ª–æ–≥ –æ–Ω–ª–∞–π–Ω –∫–∞–ª—å–∫—É–ª—è—Ç–æ—Ä–æ–≤,allcalc.ru/,65589
–ó–∞—Ä–ø–ª–∞—Ç–∞.—Ä—É ‚Äî Hearst Shkulev Digital,rabota.ngs.ru,65534
–§–µ–¥–µ—Ä–∞–ª–ü—Ä–µ—Å—Å,fedpress.ru/,65406
–§–ª–∞–º–ø - –æ—Ç–∑—ã–≤—ã –æ –∫–æ–º–ø–∞–Ω–∏—è—Ö –∏ –º–µ—Å—Ç–∞—Ö –≤–∞—à–µ–≥–æ –≥–æ—Ä–æ–¥–∞.,flamp.ru,65000
–ì—Ä—É–ø–ø–∞ —Å–∞–π—Ç–æ–≤ –ò–ê ¬´–ë–∞—à–∏–Ω—Ñ–æ—Ä–º¬ª,bashinform.ru/,64753
–¶–∞—Ä—å–≥—Ä–∞–¥ –°–∞–º–∞—Ä–∞,samara.tsargrad.tv/,64557
–¶–∞—Ä—å–≥—Ä–∞–¥ –ö—É–∑–±–∞—Å—Å,kemerovo.tsargrad.tv/,64535
–§–æ—Ä—É–º —Å–æ—Ü–∏–∞–ª—å–Ω–æ–π –∏–Ω–∂–µ–Ω–µ—Ä–∏–∏ Lolzteam,lolz.guru/,64048
CyberForum.ru - –§–æ—Ä—É–º –ø—Ä–æ–≥—Ä–∞–º–º–∏—Å—Ç–æ–≤ –∏ —Å–∏—Å–∞–¥–º–∏–Ω–æ–≤,www.cyberforum.ru/,63929
–ê–ò–§ –û–±—â–µ—Å—Ç–≤–æ,aif.ru/society/,63465
"–ö–∞–ª–µ–Ω–¥–∞—Ä—å c–æ–±—ã—Ç–∏–π 2019  - –ø—Ä–∞–∑–¥–Ω–∏–∫–∏, –∏–º–µ–Ω–∏–Ω—ã, –ø–∞–º—è—Ç–Ω—ã–µ –¥–∞—Ç—ã",calend.ru,63287
–ù–µ–≤—Å–∫–∏–µ –ù–æ–≤–æ—Å—Ç–∏,nevnov.ru,63280
Autodoc.ru - –∞–≤—Ç–æ–∑–∞–ø—á–∞—Å—Ç–∏ –¥–ª—è –∏–Ω–æ–º–∞—Ä–æ–∫. –°–µ—Ç—å –º–∞–≥–∞–∑–∏–Ω–æ–≤ –ø–æ –≤—Å–µ–π –†–æ—Å—Å–∏–∏.,www.autodoc.ru/,62548
"TravelAsk - –∂—É—Ä–Ω–∞–ª –æ –ø—É—Ç–µ—à–µ—Å—Ç–≤–∏—è—Ö, –ø—É—Ç–µ–≤–æ–¥–∏—Ç–µ–ª—å, –≤–æ–ø—Ä–æ—Å—ã –∏ –æ—Ç–≤–µ—Ç—ã",travelask.ru/,62488
–ê–∏–§ –ù–æ–≤–æ—Å–∏–±–∏—Ä—Å–∫,nsk.aif.ru/,62445
&quot;–ö–æ–º—Å–æ–º–æ–ª—å—Å–∫–∞—è –ø—Ä–∞–≤–¥–∞&quot; –Ø–∫—É—Ç–∏—è,yakutia.kp.ru,62371
"–§—É—Ç–±–æ–ª –Ω–∞ –ö—É–ª–∏—á–∫–∞—Ö - –ù–æ–≤–æ—Å—Ç–∏, –æ—Ç—á–µ—Ç—ã, –∞–Ω–∞–ª–∏—Ç–∏–∫–∞, —Ç–µ–∫—Å—Ç–æ–≤—ã–µ —Ç—Ä–∞–Ω—Å–ª—è—Ü–∏–∏, –≤–∏–¥–µ–æ!",www.football.kulichki.net/,62224
–ö–∞–¥—Ä–æ–≤–æ–µ –¥–µ–ª–æ. –ü—Ä–∞–∫—Ç–∏—á–µ—Å–∫–∏–π –∂—É—Ä–Ω–∞–ª –æ –∫–∞–¥—Ä–æ–≤–æ–π —Ä–∞–±–æ—Ç–µ –∏ —É–ø—Ä–∞–≤–ª–µ–Ω–∏–∏ –ø–µ—Ä—Å–æ–Ω–∞–ª–æ–º,www.kdelo.ru/,61993
–ò–ù–¢–ï–†–ù–ï–¢-–ë–ò–ë–õ–ò–û–¢–ï–ö–ê  iLibrary.ru,ilibrary.ru/,61951
–§—É—Ç–±–æ–ª 24: –Ω–æ–≤–æ—Å—Ç–∏ —Ñ—É—Ç–±–æ–ª–∞ —Å–µ–≥–æ–¥–Ω—è –≤ –†–æ—Å—Å–∏–∏ –∏ –º–∏—Ä–µ,football24.ru/,61354
–ù–∏–∂–Ω–∏–π –ù–æ–≤–≥–æ—Ä–æ–¥ On-Line - NN.RU. –†–µ–∫–ª–∞–º–∞ —É –Ω–∞—Å —Ä–∞–±–æ—Ç–∞–µ—Ç!,nn.ru,60989
–£—á–∏—Ç–µ–ª—å—Å–∫–∞—è –≥–∞–∑–µ—Ç–∞ - —Å–µ—Ç–µ–≤–æ–µ –∏–∑–¥–∞–Ω–∏–µ,ug.ru/,60706
Pro –ì–æ—Ä–æ–¥ –ü–µ—Ä–º—å,progorod59.ru/,60525
JoyReactor: —Å–º–µ—à–Ω—ã–µ –∫–∞—Ä—Ç–∏–Ω–∫–∏ –∏ —Ç–µ–º–∞—Ç–∏—á–µ—Å–∫–∏–µ —Å–æ–æ–±—â–µ—Å—Ç–≤–∞,joyreactor.cc/,60458
–ú–ò–† –ö–í–ê–†–¢–ò–† - –í—Å—è –Ω–µ–¥–≤–∏–∂–∏–º–æ—Å—Ç—å –†–æ—Å—Å–∏–∏,www.mirkvartir.ru,60299
&quot;–ö–æ–º—Å–æ–º–æ–ª—å—Å–∫–∞—è –ø—Ä–∞–≤–¥–∞&quot; –í–æ–ª–≥–æ–≥—Ä–∞–¥,volgograd.kp.ru,60065
BFM-–ù–æ–≤–æ—Å–∏–±–∏—Ä—Å–∫,nsk.bfm.ru/,59720
&quot;–ö–æ–º—Å–æ–º–æ–ª—å—Å–∫–∞—è –ø—Ä–∞–≤–¥–∞&quot; –ö—É–±–∞–Ω—å. –ö—Ä–∞—Å–Ω–æ–¥–∞—Ä,kuban.kp.ru,59638
RB –ù–æ–≤–æ—Å—Ç–∏,rus-bel.online/,58971
–ú–ö –≤ –ù–æ–≤–æ—Å–∏–±–∏—Ä—Å–∫–µ,novos.mk.ru/,58704
–ñ—É—Ä–Ω–∞–ª &quot;–≠–∫—Å–ø–µ—Ä—Ç&quot;,www.expert.ru/,58653
Minecraft Inside,minecraft-inside.ru/,58506
–†–ë–ö-–°–ø–æ—Ä—Ç: –í–µ–¥—É—â–µ–µ —Å–ø–æ—Ä—Ç–∏–≤–Ω–æ–µ –∏–∑–¥–∞–Ω–∏–µ –¥–ª—è –¥–µ–ª–æ–≤–æ–π –∞—É–¥–∏—Ç–æ—Ä–∏–∏,sport.rbc.ru/,58483
–†–ò–ê –í–æ—Ä–æ–Ω–µ–∂,riavrn.ru/,58189
–ß–∏—Ç–∏–Ω—Å–∫–∏–π –ì–æ—Ä–æ–¥—Å–∫–æ–π –ü–æ—Ä—Ç–∞–ª,chita.ru/,57715
–ö–Ω–∏–≥–∏ —á–∏—Ç–∞—Ç—å –æ–Ω–ª–∞–π–Ω,libking.ru/,57702
gorodrabot.ru,gorodrabot.ru/,56803
–ß–∏—Ç–∏–Ω—Å–∫–∏–π –ì–æ—Ä–æ–¥—Å–∫–æ–π –ü–æ—Ä—Ç–∞–ª,www.chita.ru/,56466
–ü–æ—Ä—Ç–∞–ª –≤—Å–µ—Ö –Ω–æ–≤–æ—Å—Ç–µ–π &quot;–£–∑–Ω–∞–π –≤—Å–Å&quot;,uznayvse.ru/,56388
–†–µ–∞–ª—å–Ω–æ–µ –≤—Ä–µ–º—è,realnoevremya.ru,56162
Bel.ru - 1MI,bel.ru/,55532
sibkrayru,sibkray.ru/,55459
&quot;–ö–æ–º—Å–æ–º–æ–ª—å—Å–∫–∞—è –ø—Ä–∞–≤–¥–∞&quot; –ï–∫–∞—Ç–µ—Ä–∏–Ω–±—É—Ä–≥,ural.kp.ru,55255
Medio: –ø–æ–ª–µ–∑–Ω—ã–µ —Å–∞–π—Ç—ã –¥–ª—è –≤—Å–µ–π —Å–µ–º—å–∏,medio.pro,55115
Mainfin.ru - –ë–∞–Ω–∫–∏ –∏ —Ñ–∏–Ω–∞–Ω—Å—ã –†–æ—Å—Å–∏–∏,mainfin.ru/,54114
"AppleInsider.ru -  –í—Å–µ –æ–± Apple, iPhone, iPad, iPod, iMac, MacBook",appleinsider.ru/,54000
Hearst Shkulev Digital ‚Äî –§–û–†–£–ú–´,–ù–ì–°.–§–û–†–£–ú,53797
–ê–≥–µ–Ω—Ç—Å—Ç–≤–æ –ë–∏–∑–Ω–µ—Å –ù–æ–≤–æ—Å—Ç–µ–π,www.abnews.ru/,53068
–ú–µ–¥–∏–∞–º–µ—Ç—Ä–∏–∫—Å - —Å–≤–µ–∂–∏–µ –∫–æ—Ç–∏—Ä–æ–≤–∫–∏ –Ω–æ–≤–æ—Å—Ç–µ–π,mediametrics.ru/,52774
–°–∞–π—Ç –•–∞–±–∞—Ä–æ–≤—Å–∫–∞,dvhab.ru,52062
–ò–ê &quot;–¢–∞—Ç–∞—Ä-–ò–Ω—Ñ–æ—Ä–º&quot;,tatar-inform.ru,51854
IZHLIFE,izhlife.ru,50956
blitz.style,blitz.style/,50850
–ö–∞–∫–æ–π –°–µ–≥–æ–¥–Ω—è –ü—Ä–∞–∑–¥–Ω–∏–∫?,kakoysegodnyaprazdnik.ru/,50839
"–ü–†–ê–ô–ú - –Ω–æ–≤–æ—Å—Ç–∏, –∫–æ–º–º–µ–Ω—Ç–∞—Ä–∏–∏, —Ö–æ–¥ —Ç–æ—Ä–≥–æ–≤ –Ω–∞ –±–∏—Ä–∂–∞—Ö, —Ç–µ—Ö. –∞–Ω–∞–ª–∏–∑",1prime.ru,50795
–ü–†–ê–í–û–°–õ–ê–í–ò–ï –ò –ú–ò–†,www.pravmir.ru,50649
–ë—É—Ö–≥–∞–ª—Ç–µ—Ä–∏—è.ru - –≤—Å–µ –æ –±—É—Ö—É—á–µ—Ç–µ –∏ –Ω–∞–ª–æ–≥–æ–æ–±–ª–æ–∂–µ–Ω–∏–∏,www.buhgalteria.ru/,50404
–¢–µ–∫—Å—Ç—ã –ø–µ—Å–µ–Ω,song5.ru/,50342
–ü–†–ê–í–û–°–õ–ê–í–ò–ï –ò –ú–ò–†,www.pravmir.ru/,50330
–ì—Ä—É–ø–ø–∞ —Å–∞–π—Ç–æ–≤ 63.ru,63.ru/,49764
–ò–Ω—Ñ–æ—Å—Ç–∞—Ä—Ç - —Å–æ–æ–±—â–µ—Å—Ç–≤–æ —Å–ø–µ—Ü–∏–∞–ª–∏—Å—Ç–æ–≤ 1–°,infostart.ru/,49738
Prmira.ru - 1MI,prmira.ru/,49500
63.RU - –≥–ª–∞–≤–Ω—ã–µ –Ω–æ–≤–æ—Å—Ç–∏ –°–∞–º–∞—Ä—ã. Shkulev Digital,63.ru,49468
–ü–æ—Ä—Ç–∞–ª PRO –ì–æ—Ä–æ–¥ –ß–µ–±–æ–∫—Å–∞—Ä—ã –∏ –ù–æ–≤–æ—á–µ–±–æ–∫—Å–∞—Ä—Å–∫,pg21.ru/,49379
–í–µ—Ä—Å–∏—è - –Ω–æ–≤–æ—Å—Ç–∏ –∏ —Ä–∞—Å—Å–ª–µ–¥–æ–≤–∞–Ω–∏—è –≥–∞–∑–µ—Ç—ã ¬´–ù–∞—à–∞ –≤–µ—Ä—Å–∏—è¬ª,versia.ru/,49359
–ü–æ–∏—Å–∫–æ–≤–∞—è —Å–∏—Å—Ç–µ–º–∞ –Ω–µ–¥–≤–∏–∂–∏–º–æ—Å—Ç–∏ Move.Ru,move.su,49127
–ê–≤—Ç–æ–¥–∏—Å–ø–µ—Ç—á–µ—Ä.–†—É,www.avtodispetcher.ru/,49101
"–ö—Ä–∏—Ç–∏–∫–∞24 - –ë–∞–∑–∞ —Å–æ—á–∏–Ω–µ–Ω–∏–π –ø–æ —à–∫–æ–ª—å–Ω–æ–π –ø—Ä–æ–≥—Ä–∞–º–º–µ, –ï–ì–≠ –∏ –û–ì–≠",www.kritika24.ru/,48311
–ò–∑–≤–µ—Å—Ç–∏—è –ú–æ—Ä–¥–æ–≤–∏–∏,izvmor.ru/,47890
MAXIM Online,maximonline.ru,47500
AllTime.Ru - —á–∞—Å—ã –ø–æ–¥–∞—Ä–∫–∏ —Å—É–≤–µ–Ω–∏—Ä—ã.,www.alltime.ru/,47499
–õ–µ–∫–∞—Ä—Å—Ç–≤–µ–Ω–Ω—ã–π —Å–ø—Ä–∞–≤–æ—á–Ω–∏–∫ –ì–≠–û–¢–ê–†,www.lsgeotar.ru/,47295
–û—Ñ–∏—Ü–∏–∞–ª—å–Ω—ã–π —Å–∞–π—Ç –∂—É—Ä–Ω–∞–ª–∞ Psychologies,psychologies.ru,47218
StopGame.ru - –¢–æ–ª—å–∫–æ –∏–≥—Ä—ã,stopgame.ru/,46966
–†—è–∑–∞–Ω—Å–∫–æ–µ –∏–Ω—Ñ–æ—Ä–º–∞—Ü–∏–æ–Ω–Ω–æ–µ –∞–≥–µ–Ω—Ç—Å—Ç–≤–æ ‚Äî RZN.info,rzn.info/,46863
–í–∑–≥–ª—è–¥. –°–∞—Ä–∞—Ç–æ–≤,vzsar.ru/,46598
"JobLab.ru - –†–∞–±–æ—Ç–∞ –≤ –†–æ—Å—Å–∏–∏, –≤–∞–∫–∞–Ω—Å–∏–∏ –∏ —Ä–µ–∑—é–º–µ",joblab.ru/,46557
–ò–Ω—Ñ–æ—Ä–º–∞—Ü–∏–æ–Ω–Ω–æ-–∞–Ω–∞–ª–∏—Ç–∏—á–µ—Å–∫–∏–π –ø–æ—Ä—Ç–∞–ª Politpuzzle.ru,politpuzzle.ru/,46415
vtomske.ru ‚Äî –≥–æ—Ä–æ–¥—Å–∫–æ–π –ø–æ—Ä—Ç–∞–ª,vtomske.ru,46331
Newsnn.ru - 1MI,newsnn.ru/,46101
–†—É—Å—Å–∫–∏–π —è–∑—ã–∫,russkiiyazyk.ru/,46024
–°–º–æ–ª–µ–Ω—Å–∫–∞—è –Ω–∞—Ä–æ–¥–Ω–∞—è –≥–∞–∑–µ—Ç–∞,sn-gazeta.ru/,45964
–ì–∞–∑–µ—Ç–∞.Ru: –ö—É–ª—å—Ç—É—Ä–∞,gazeta.ru/culture/,45945
Cataloxy - –ë–µ—Å–ø–ª–∞—Ç–Ω–æ–µ —Ä–µ–∫–ª–∞–º–Ω–æ–µ –ø—Ä–æ—Å—Ç—Ä–∞–Ω—Å—Ç–≤–æ,cataloxy.ru,45233
atas.info - 1MI,atas.info,45055
–£–ª–ø—Ä–µ—Å—Å–∞ - –≤—Å–µ –Ω–æ–≤–æ—Å—Ç–∏ –£–ª—å—è–Ω–æ–≤—Å–∫–∞,ulpressa.ru/,44718
–ò–Ω—Ñ–æ—Ä–º–∞—Ü–∏–æ–Ω–Ω–æ–µ –∞–≥–µ–Ω—Ç—Å—Ç–≤–æ ¬´–ü–æ–ª–∏—Ç–Ω–∞–≤–∏–≥–∞—Ç–æ—Ä¬ª,www.politnavigator.net/,44637
–¢–µ–∫—Å—Ç—ã –ø–µ—Å–µ–Ω–æ–∫,teksty-pesenok.ru/,44585
AfterShock,aftershock.news/,44521
–í–ê–ñ–ù–û.RU: –û—á–µ–Ω—å –≤–∞–∂–Ω—ã–µ –Ω–æ–≤–æ—Å—Ç–∏,www.vazhno.ru/,44044
–ì–†–ê–ú–û–¢–ê.–†–£,gramota.ru/,44023
–ö—É–ª—å—Ç—É—Ä–æ–ª–æ–≥–∏—è.–†–§,kulturologia.ru/,43845
"LandofGames.ru - –∏–≥—Ä–æ–≤—ã–µ –Ω–æ–≤–æ—Å—Ç–∏, —Å—Ç–∞—Ç—å–∏ –∏ —Ñ–ª–µ—à –∏–≥—Ä—ã",landofgames.ru/,43587
–ü—Ä–æ–∑–∞.—Ä—É - –Ω–∞—Ü–∏–æ–Ω–∞–ª—å–Ω—ã–π —Å–µ—Ä–≤–µ—Ä —Å–æ–≤—Ä–µ–º–µ–Ω–Ω–æ–π –ø—Ä–æ–∑—ã,www.proza.ru/,43581
TopNews,www.topnews.ru/,43416
"–ó–í–ï–ó–î–ê, –º–µ–¥–∏–∞–≥—Ä—É–ø–ø–∞  | –ö—Ä—É–≥–ª–æ—Å—É—Ç–æ—á–Ω–æ–µ –∏–Ω—Ñ–æ—Ä–º–∞—Ü–∏–æ–Ω–Ω–æ–µ –≤–µ—â–∞–Ω–∏–µ",tvzvezda.ru/,43395
MagadanMedia,magadanmedia.ru/,43171
"–ö–∞—Ä—Ç–∞ –ï–∫–∞—Ç–µ—Ä–∏–Ω–±—É—Ä–≥–∞: —É–ª–∏—Ü—ã, –¥–æ–º–∞ –∏ –æ—Ä–≥–∞–Ω–∏–∑–∞—Ü–∏–∏ –≥–æ—Ä–æ–¥–∞ ‚Äî 2–ì–ò–°",2gis.ru,43132
–ù–æ–≤–æ—Å—Ç–∏ vtomske.ru ‚Äî –≥–ª–∞–≤–Ω—ã–µ —Å–æ–±—ã—Ç–∏—è –¢–æ–º—Å–∫–∞,news.vtomske.ru/,42724
–ê–Ω–µ–∫–¥–æ—Ç—ã –∏–∑ –†–æ—Å—Å–∏–∏,www.anekdot.ru/,42692
–ë–ª–æ–∫–Ω–æ—Ç,bloknot.ru/,42496
–Æ—Ä–§–∏—Ä–º–∞ &quot;–ò–Ω—Ç–µ—Ä–Ω–µ—Ç –∏ –ü—Ä–∞–≤–æ&quot;,www.internet-law.ru/,42417
Satom.ru - –±–∏–∑–Ω–µ—Å –∫–∞—Ç–∞–ª–æ–≥ —Ç–æ–≤–∞—Ä–æ–≤ –∏ —É—Å–ª—É–≥ –†–æ—Å—Å–∏–∏,Satom.ru,42272
"–ë—É—Ö–°–æ—Ñ—Ç. –ù–æ–≤–æ—Å—Ç–∏, —Å—Ç–∞—Ç—å–∏, –±–ª–∞–Ω–∫–∏ –¥–ª—è –±—É—Ö–≥–∞–ª—Ç–µ—Ä–∞ –º–∞–ª–æ–≥–æ –∏ —Å—Ä–µ–¥–Ω–µ–≥–æ –±–∏–∑–Ω–µ—Å–∞",www.buhsoft.ru/,42131
–ú–ö-–°–ø–æ—Ä—Ç: –ì–ª–∞–≤–Ω—ã–µ –Ω–æ–≤–æ—Å—Ç–∏ —Å–ø–æ—Ä—Ç–∞,www.sportmk.ru/,41977
&quot;–ö–æ–º—Å–æ–º–æ–ª—å—Å–∫–∞—è –ø—Ä–∞–≤–¥–∞&quot; –†–æ—Å—Ç–æ–≤,rostov.kp.ru,41801
–û—Ç–¥—ã—Ö –≤ –†–æ—Å—Å–∏–∏,www.kp.ru/russia,41637
*1001 –ì–û–†–û–°–ö–û–ü* –æ—Ç –≤–µ–¥—É—â–∏—Ö –∞—Å—Ç—Ä–æ–ª–æ–≥–æ–≤,1001goroskop.ru/,41551
top.lafa.site,top.lafa.site/,41410
–ñ–µ–Ω—Å–∫–∏–π –æ–Ω–ª–∞–π–Ω-–∂—É—Ä–Ω–∞–ª WDay.ru,wday.ru,40949
–†–ë–ö.–°—Ç–∏–ª—å,style.rbc.ru/,40923
–ì–∞–∑–µ—Ç–∞.Ru: –ê–≤—Ç–æ–º–æ–±–∏–ª–∏,www.gazeta.ru/auto/,40832
–†–∏–¥—É—Å,ridus.ru/,40759
"FightTime.ru - –ë–æ–∏ –±–µ–∑ –ø—Ä–∞–≤–∏–ª MMA. –í—Å–µ –Ω–æ–≤–æ—Å—Ç–∏ –æ —Å–º–µ—à–∞–Ω–Ω—ã—Ö –µ–¥–∏–Ω–æ–±–æ—Ä—Å—Ç–≤–∞—Ö. –í–∏–¥–µ–æ,",fighttime.ru/,40758
–õ–æ—Ä–¥—Å–µ—Ä–∏–∞–ª—Å - —Å–µ—Ä–∏–∞–ª—ã –æ–Ω–ª–∞–π–Ω,lordserials.ws/,40697
–º–∞–ª–µ–Ω—å–∫–∞—è –°—ã–∑—Ä–∞–Ω—å,syzran-small.ru/,40532
–ú–ö –≤ –ü–∏—Ç–µ—Ä–µ,spb.mk.ru/,40399
–ù–ê–®–ê –°–ü–†–ê–í–ö–ê - –µ–¥–∏–Ω–∞—è —Å–ø—Ä–∞–≤–æ—á–Ω–∞—è —Å–ª—É–∂–±–∞ –≥–æ—Ä–æ–¥–æ–≤ –†–æ—Å—Å–∏–∏,nashaspravka.ru,40329
–ù–î–ù.–ò–ù–§–û - –ù–∞—à –¥–æ–º –ù–æ–≤–æ—Å–∏–±–∏—Ä—Å–∫,ndn.info/,40320
Pro –ì–æ—Ä–æ–¥ –ô–æ—à–∫–∞—Ä-–û–ª–∞,pg12.ru/,40212
–î–ù–ò —Ä—É - –∏–Ω—Ç–µ—Ä–Ω–µ—Ç-–≥–∞–∑–µ—Ç–∞,dni.ru/,40046
–°–û–ß–ò 24,sochi24.tv/,40021
–ù–æ–≤–æ—Å—Ç–∏ –í–ª–∞–¥–∏–≤–æ—Å—Ç–æ–∫–∞,www.news.vl.ru/,39871
CHEB.ru: –ì—Ä—É–ø–ø–∞ —Å–∞–π—Ç–æ–≤ –ß–µ–±–æ–∫—Å–∞—Ä –∏ –ß—É–≤–∞—à–∏–∏,www.cheb.ru,39785
YA62.ru_–†—è–∑–∞–Ω—Å–∫–∏–π –ø–æ—Ä—Ç–∞–ª,ya62.ru/,39780
"–ö–∞—Ä—Ç–∞ –ö—Ä–∞—Å–Ω–æ—è—Ä—Å–∫–∞: —É–ª–∏—Ü—ã, –¥–æ–º–∞ –∏ –æ—Ä–≥–∞–Ω–∏–∑–∞—Ü–∏–∏ –≥–æ—Ä–æ–¥–∞ ‚Äî 2–ì–ò–°",2gis.ru,39268
PromPortal.su - –º–∞—Ä–∫–µ—Ç–ø–ª–µ–π—Å —Ç–æ–≤–∞—Ä–æ–≤ –∏ —É—Å–ª—É–≥ –†–æ—Å—Å–∏–∏,promportal.su/,39037
–ù–æ–≤–æ—Å—Ç–∏ –ü–µ—Ä–º–∏,www.perm-open.ru/,39003
"–ú–∞–π–Ω–∫—Ä–∞—Ñ—Ç, –≤—Å–µ –¥–ª—è Minecraft, –º–æ–¥—ã, —Ç–µ–∫—Å—Ç—É—Ä—ã, –∫–∞—Ä—Ç—ã.",ru-minecraft.ru/,38967
VSE42.RU - –ò–Ω—Ñ–æ—Ä–º–∞—Ü–∏–æ–Ω–Ω—ã–π —Å–∞–π—Ç –ö—É–∑–±–∞—Å—Å–∞,vse42.ru,38908
–û—Ä—ë–ª–¢–∞–π–º—Å,oreltimes.ru,38728
–£—Ç—Ä–æ.—Ä—É ‚Äì –∏–Ω—Ç–µ—Ä–Ω–µ—Ç-–≥–∞–∑–µ—Ç–∞,utro.ru/,38349
–†–∞–±–æ—Ç–∞ –≤ –ï–∫–∞—Ç–µ—Ä–∏–Ω–±—É—Ä–≥–µ –Ω–∞ HeadHunter,ekaterinburg.hh.ru/,38207
best-serials,best-serials.ru/,38195
–ü–µ—Ä–µ–≤–æ–¥—ã –ø–µ—Å–µ–Ω,www.fr-lyrics.ru/,38146
–°–∞–π—Ç –≤–∞–∫–∞–Ω—Å–∏–π –¶–ó–ù –†–§,ir-center.ru/,38061
OnTVtime.ru | –û–Ω–ª–∞–π–Ω –¢–í | –ü—Ä—è–º–æ–π —ç—Ñ–∏—Ä + –ê—Ä—Ö–∏–≤—ã | –û–Ω–ª–∞–π–Ω —Ç–µ–ª–µ–≤–∏–¥–µ–Ω–∏–µ,www.ontvtime.ru/,37973
–†—É—Å—Ç—å—é—Ç–æ—Ä—Å,rustutors.ru/,37938
–ê–±–∑–∞—Ü,absatz.media/,37914
¬´–ù–æ–≤–æ—Å—Ç–∏ –ë—Ä—è–Ω—Å–∫–∞¬ª,newsbryansk.ru/,37656
–†–ë–ö.–ù–µ–¥–≤–∏–∂–∏–º–æ—Å—Ç—å,realty.rbc.ru,37636
–ú–æ–∏ —Å–µ–∫—Ä–µ—Ç - –ñ–µ–Ω—Å–∫–∏–π –∂—É—Ä–Ω–∞–ª,mysekret.ru/,37591
Gorod48.ru - –≤—Å–µ –Ω–æ–≤–æ—Å—Ç–∏ –õ–∏–ø–µ—Ü–∫–∞ –æ–Ω–ª–∞–π–Ω,gorod48.ru/,37500
Transsibinfo.com - 1MI,transsibinfo.com/,37471
–ò–Ω—Ç–µ—Ä–Ω–µ—Ç-—Ä–µ—Å—É—Ä—Å –¥–ª—è –±—É—Ö–≥–∞–ª—Ç–µ—Ä–æ–≤ BUH.RU,buh.ru/,37458
JoyReactor - —Å–º–∏—â–Ω—ã–µ –∫–∞—Ä—Ç–∏–Ω–∫–∏,joyreactor.ru/,37092
–†–ë–ö - –†–æ—Å–ë–∏–∑–Ω–µ—Å–ö–æ–Ω—Å–∞–ª—Ç–∏–Ω–≥ - –ö—Ä–∞—Å–Ω–æ–¥–∞—Ä,krasnodar.rbc.ru,37048
Irk.Ru - –¢–≤–æ–π –ò—Ä–∫—É—Ç—Å–∫,www.irk.ru/,36896
SOFTPORTAL- c–∫–∞—á–∞—Ç—å –ë–ï–°–ü–õ–ê–¢–ù–´–ï –ø—Ä–æ–≥—Ä–∞–º–º—ã,www.softportal.com/,36858
&quot;–õ–µ—á–∞—â–∏–π –≤—Ä–∞—á&quot; - –ú–µ–¥–∏—Ü–∏–Ω—Å–∫–∏–π –Ω–∞—É—á–Ω–æ-–ø—Ä–∞–∫—Ç–∏—á–µ—Å–∫–∏–π –ø–æ—Ä—Ç–∞–ª,www.lvrach.ru/,36828
–†–ò–ê –ù–æ–≤—ã–π –î–µ–Ω—å,newdaynews.ru/,36462
–ë–∏–±–ª–∏–æ-–ì–ª–æ–±—É—Å —Ç—É—Ä—ã –æ—Ç–µ–ª–∏ –±–∏–ª–µ—Ç—ã –ø–æ –ª—É—á—à–∏–º —Ü–µ–Ω–∞–º,www.bgoperator.ru/,36442
–¢–æ–ª–∫,tolknews.ru/,36364
VN.RU - –í—Å–µ –Ω–æ–≤–æ—Å—Ç–∏ –ù–æ–≤–æ—Å–∏–±–∏—Ä—Å–∫–æ–π –æ–±–ª–∞—Å—Ç–∏,vn.ru/,36327
–≠–ª–µ–∫—Ç—Ä–æ–Ω–Ω–∞—è –±–∏–±–ª–∏–æ—Ç–µ–∫–∞ –ë–ò–ë–õ–ò–û–§–û–ù–î,www.bibliofond.ru/,36300
–°–ª–æ–±–æ–¥–∞ - —Å–∞–º–∞—è –ø–æ–ø—É–ª—è—Ä–Ω–∞—è –≥–∞–∑–µ—Ç–∞ –¢—É–ª—ã. –ù–æ–≤–æ—Å—Ç–∏ –¢—É–ª—ã –∏ –æ–±–ª–∞—Å—Ç–∏. –ê—Ñ–∏—à–∞ –¢—É–ª—ã.,myslo.ru/,36216
–ü–†–ê–í–û.ru - –ò–Ω—Ñ–æ—Ä–º–∞—Ü–∏–æ–Ω–Ω–æ-–ø—Ä–∞–≤–æ–≤–æ–π –ø–æ—Ä—Ç–∞–ª,pravo.ru,36216
–ü–†–ê–í–û.–†—É - –ò–Ω—Ñ–æ—Ä–º–∞—Ü–∏–æ–Ω–Ω–æ-–ø—Ä–∞–≤–æ–≤–æ–π –ø–æ—Ä—Ç–∞–ª,pravo.ru/,36077
–ú–æ—Ç–æ—Ä,motor.ru/,35884
TagilCity.ru - 1MI,tagilcity.ru/,35855
66.RU –ó–¥–µ—Å—å –≤—Å–µ –≤—Å—ë –ø–æ–Ω–∏–º–∞—é—Ç,www.66.ru,35845
TVTver - –ü–µ—Ä–≤—ã–π –∏–Ω—Ñ–æ—Ä–º–∞—Ü–∏–æ–Ω–Ω—ã–π –≤–∏–¥–µ–æ–ø–æ—Ä—Ç–∞–ª –¢–≤–µ—Ä–∏,tvtver.ru/,35718
"–ê–ª—Ç–∞–ø—Ä–µ—Å—Å, –∏–∑–¥–∞—Ç–µ–ª—å—Å–∫–∏–π –¥–æ–º",altapress.ru/,35683
"–õ–∏—Ç–ø–æ—Ä—Ç–∞–ª - &quot;–ò–∑–±–∞ - —á–∏—Ç–∞–ª—å–Ω—è&quot;. –°—Ç–∏—Ö–∏, –ø—Ä–æ–∑–∞, –ø–æ—ç–∑–∏—è, –ø—Ä–æ–∏–∑–≤–µ–¥–µ–Ω–∏—è –∞–≤—Ç–æ—Ä–æ–≤",www.chitalnya.ru/,35640
Sport.ru,sport.ru,35638
Dota 2,dota2.ru/,35390
"HeadHunter::–ö—Ä–∞—Å–Ω–æ–¥–∞—Ä ‚Äì –ª—É—á—à–∏–µ –≤–∞–∫–∞–Ω—Å–∏–∏, —É—Å–ø–µ—à–Ω—ã–µ –∫–∞–Ω–¥–∏–¥–∞—Ç—ã",krasnodar.hh.ru/,35088
"–§–µ—Ä–º–∏–ª–æ–Ω - —Ñ–µ—Ä–º–µ—Ä—Å—Ç–≤–æ, –¥–æ–º–∞—à–Ω–µ–µ —Ö–æ–∑—è–π—Å—Ç–≤–æ, –¥–∞—á–∞",fermilon.ru/,34975
–≤–†—É–±—Ü–æ–≤—Å–∫–µ,vrubcovske.ru/,34900
–¢–£–¢ –ó–ê–ô–¶–ï–í.–ù–ï–¢! –¢–æ–ª—å–∫–æ —Å–∞–º—ã–µ —Å–≤–µ–∂–∏–µ –∏ –ø–æ–ø—É–ª—è—Ä–Ω—ã–µ mp3 –ë–ï–°–ü–õ–ê–¢–ù–û –∏ –ë–ï–ó –†–ï–ì–ò–°–¢–†–ê–¶–ò–ò,zaycev.net/,34875
–†–ë–ö - –†–æ—Å–ë–∏–∑–Ω–µ—Å–ö–æ–Ω—Å–∞–ª—Ç–∏–Ω–≥ - –ï–∫–∞—Ç–µ—Ä–∏–Ω–±—É—Ä–≥,RBCRU/EKB,34716
–ö–æ–Ω—Ç - –ø–ª–æ—â–∞–¥–∫–∞ –¥–ª—è —Å–æ—Ü–∏–∞–ª—å–Ω–æ–π –∂—É—Ä–Ω–∞–ª–∏—Å—Ç–∏–∫–∏,cont.ws/,34678
"MediaLeaks: –ª—É—á—à–∏–µ –º–µ–º—ã, —à—É—Ç–∫–∏ –∏ –ø–ª–∞—Ç–∏–Ω–æ–≤—ã–µ —Ç—Ä–µ–¥—ã",medialeaks.ru/,34614
–í–¢–∞—Ç–∞—Ä—Å—Ç–∞–Ω–µ,v-tatarstane.ru/,34454
Yaom.ru - –ü—Ä–æ–≥—Ä–∞–º–º–∞ –ü–µ—Ä–µ–¥–∞—á –∏ –û–Ω–ª–∞–π–Ω –¢–í,www.yaom.ru/,34449
"–¢—Ä–∏–∞–ª-–°–ø–æ—Ä—Ç. –ì–æ—Ä–Ω—ã–µ –ª—ã–∂–∏, —Å–Ω–æ—É–±–æ—Ä–¥—ã, –≤–µ–ª–æ—Å–∏–ø–µ–¥—ã, —Ä–æ–ª–∏–∫–∏, —Ç—É—Ä–∏–∑–º.",trial-sport.ru/,34439
tropki.ru,tropki.ru/,34417
–¢–í –¶–µ–Ω—Ç—Ä,www.tvc.ru/,34372
–ö–æ–Ω—Ñ–µ—Ä–µ–Ω—Ü–∏—è iXBT.com,forum.ixbt.com/,34211
1TV - –ü–ï–†–í–´–ô –ö–ê–ù–ê–õ - –¢–í –†–û–°–°–ò–ò,www.1tv.ru/,34182
–†–ë–ö - –†–æ—Å–ë–∏–∑–Ω–µ—Å–ö–æ–Ω—Å–∞–ª—Ç–∏–Ω–≥ - –¢—Ä–µ–Ω–¥—ã,www.rbc.ru/trends/,34002
Sakh.online,skr.su/,33933
"Visasam.ru - —Å–∞–º–æ—Å—Ç–æ—è—Ç–µ–ª—å–Ω—ã–µ –ø—É—Ç–µ—à–µ—Å—Ç–≤–∏—è, —ç–º–∏–≥—Ä–∞—Ü–∏—è –∏ –∂–∏–∑–Ω—å –∑–∞ –≥—Ä–∞–Ω–∏—Ü–µ–π",visasam.ru/,33915
–ë–ª–æ–∫–Ω–æ—Ç –í–æ–ª–≥–æ–≥—Ä–∞–¥,bloknot-volgograd.ru/,33797
–ù–∞ –∑–µ–º–ª–µ –°–∞–ª–∞–≤–∞—Ç–∞,na-zemle-salavata.com/,33612
Technical City,technical.city/,33571
"–û—Ç—á–µ—Ç—ã –∏ –æ–±—Ä–∞–±–æ—Ç–∫–∏ –¥–ª—è 1–° 7.7, 1C 8.x. - –ò–Ω—Ñ–æ—Å—Ç–∞—Ä—Ç.–†—É",infostart.ru/,33537
–ß–µ—á–Ω—è –°–µ–≥–æ–¥–Ω—è,chechnyatoday.com/,33365
–ê—Ñ–∏—à–∞ &quot;–ö–ü&quot;,www.kp.ru/afisha,33311
–ö–æ—Å–º–µ—Ç–∏—Å—Ç–∞ - –æ—Ç–∑—ã–≤—ã –æ –∫–æ—Å–º–µ—Ç–∏–∫–µ,kosmetista.ru/,33229
"–î–æ–º–ö–∞–¥—Ä–æ–≤.—Ä—É - –ø–æ–∏—Å–∫ —Ä–∞–±–æ—Ç—ã, –ø–æ–∏—Å–∫ —Å–æ—Ç—Ä—É–¥–Ω–∏–∫–æ–≤",www.domkadrov.ru/,32988
&quot;–ö–æ–º—Å–æ–º–æ–ª—å—Å–∫–∞—è –ø—Ä–∞–≤–¥–∞&quot; –ö–∞–∑–∞–Ω—å,kazan.kp.ru,32922
U-mama.ru - —Å–∞–π—Ç –¥–ª—è –Ω–∞—Å—Ç–æ—è—â–∏—Ö –∏ –±—É–¥—É—â–∏—Ö —Ä–æ–¥–∏—Ç–µ–ª–µ–π,u-mama.ru/,32915
–•–æ–ª–æ–¥–∏–ª—å–Ω–∏–∫.–†—É - –∏–Ω—Ç–µ—Ä–Ω–µ—Ç –º–∞–≥–∞–∑–∏–Ω –±—ã—Ç–æ–≤–æ–π —Ç–µ—Ö–Ω–∏–∫–∏.  –î–æ—Å—Ç–∞–≤–∏–º –∏–∑ –Ω–∞–ª–∏—á–∏—è —Å–µ–≥–æ–¥–Ω—è!,www.holodilnik.ru,32851
NN.RU - –≥–ª–∞–≤–Ω—ã–µ –Ω–æ–≤–æ—Å—Ç–∏ –ù–∏–∂–Ω–µ–≥–æ –ù–æ–≤–≥–æ—Ä–æ–¥–∞. Shkulev Digital,nn.ru,32835
–ò–Ω—Ñ–æ–ø–µ–¥–∏—è - –¥–ª—è —É–≥–ª—É–±–ª–µ–Ω–∏—è –∑–Ω–∞–Ω–∏–π,infopedia.su/,32832
"–ö–∞—Ä—Ç–∞ –ß–µ–ª—è–±–∏–Ω—Å–∫–∞: —É–ª–∏—Ü—ã, –¥–æ–º–∞ –∏ –æ—Ä–≥–∞–Ω–∏–∑–∞—Ü–∏–∏ –≥–æ—Ä–æ–¥–∞ ‚Äî 2–ì–ò–°",2gis.ru,32821
–ü–æ—Å—Ç—É–ø–∏ –∏–Ω—Ñ–æ,postupi.info/,32778
InKazan.ru - 1MI,inkazan.ru/,32547
DEITA.RU  –ù–æ–≤–æ—Å—Ç–∏ –†–æ—Å—Å–∏–∏ –∏ –î–∞–ª—å–Ω–µ–≥–æ –í–æ—Å—Ç–æ–∫–∞,deita.ru/,32536
76.RU - –≥–ª–∞–≤–Ω—ã–µ –Ω–æ–≤–æ—Å—Ç–∏ –Ø—Ä–æ—Å–ª–∞–≤–ª—è. Shkulev Digital,76.ru,32529
Hi-News.ru - –ï–∂–µ–¥–Ω–µ–≤–Ω—ã–µ –Ω–æ–≤–æ—Å—Ç–∏ –º–∏—Ä–∞ –≤—ã—Å–æ–∫–∏—Ö —Ç–µ—Ö–Ω–æ–ª–æ–≥–∏–π,www.hi-news.ru/,32518
"B2B-Center ‚Äî –ï–¥–∏–Ω–∞—è —Å–∏—Å—Ç–µ–º–∞ —ç–ª–µ–∫—Ç—Ä–æ–Ω–Ω—ã—Ö —Ç–æ—Ä–≥–æ–≤, –≤—Å–µ –ø–ª–æ—â–∞–¥–∫–∏",www.b2b-center.ru/,32415
"–ï–í–†–û-–§–£–¢–ë–û–õ.—Ä—É : –Ω–æ–≤–æ—Å—Ç–∏ —Ñ—É—Ç–±–æ–ª–∞, –æ–Ω–ª–∞–π–Ω, –†–ü–õ, –õ–∏–≥–∞ –ß–µ–º–ø–∏–æ–Ω–æ–≤",www.euro-football.ru/,32165
&quot;–°–ø—Ä–∞–≤–º–µ–¥–∏–∫–∞&quot; - —Å–ø—Ä–∞–≤–æ—á–Ω–∞—è –∞–ø—Ç–µ–∫ –≤ –≥–æ—Ä–æ–¥–∞—Ö –†–æ—Å—Å–∏–∏,003ms.ru,32067
snob.ru,snob.ru/,32037
–†–µ—à–∏–º –≤—Å–µ,reshimvse.com/,31986
–ë–ª–æ–∫–Ω–æ—Ç –ö—Ä–∞—Å–Ω–æ–¥–∞—Ä,bloknot-krasnodar.ru/,31950
Rostovgazeta.ru - 1MI,rostovgazeta.ru/,31904
–ò–Ω—Ñ–æ—Ä–µ–∞–∫—Ç–æ—Ä - —É–∑–Ω–∞–≤–∞–π –ø–µ—Ä–≤—ã–º,inforeactor.ru/,31779
Motorpage.ru - –í–∞—à –ø–æ–º–æ—â–Ω–∏–∫ –≤ –≤—ã–±–æ—Ä–µ –∞–≤—Ç–æ–º–æ–±–∏–ª—è!,www.motorpage.ru/,31771
–ì–æ—Ä–æ–¥—Å–∫–æ–π –ø–æ—Ä—Ç–∞–ª 78.ru,78.ru/,31705
–ê–ò–§ –î–µ–Ω—å–≥–∏,aif.ru/money/,31659
UFA1.RU - –≥–ª–∞–≤–Ω—ã–µ –Ω–æ–≤–æ—Å—Ç–∏ –£—Ñ—ã. Shkulev Digital,ufa1.ru,31504
Gorod55.ru - 1MI,gorod55.ru/,31474
"Om1.ru ‚Äì Online Media #1 –æ –∂–∏–∑–Ω–∏ –≤ –ù–æ–≤–æ—Å–∏–±–∏—Ä—Å–∫–µ, –û–º—Å–∫–µ, –†–æ—Å—Å–∏–∏ –∏ –º–∏—Ä–µ",www.om1.ru/,31430
AmurMedia - –Ω–æ–≤–æ—Å—Ç–∏ –•–∞–±–∞—Ä–æ–≤—Å–∫–∞ –∏ –•–∞–±–∞—Ä–æ–≤—Å–∫–æ–≥–æ –∫—Ä–∞—è,amurmedia.ru/,31408
–í—Å–µ —Ñ–∞–∫—Ç—ã –æ –∫–æ—Å–º–æ—Å–µ,v-kosmose.com/,31375
LiveResult / –°–ø–æ—Ä—Ç –û–Ω–ª–∞–π–Ω: –§—É—Ç–±–æ–ª + –•–æ–∫–∫–µ–π + –¢–µ–Ω–Ω–∏—Å + –ë–∞—Å–∫–µ—Ç–±–æ–ª,www.liveresult.ru/,31366
Service-Online.su,service-online.su/,31210
–£–ª—å—è–Ω–æ–≤—Å–∫ –æ–Ω–ª–∞–π–Ω,73online.ru/,31164
&quot;–ö–æ–º—Å–æ–º–æ–ª—å—Å–∫–∞—è –ø—Ä–∞–≤–¥–∞&quot; –ò—Ä–∫—É—Ç—Å–∫,irk.kp.ru,31147
"Plugged In - –∏–≥—Ä—ã, –∫–∏–Ω–æ –∏ —Ç–µ—Ö–Ω–æ–ª–æ–≥–∏–∏",pluggedin.ru/,31045
"–ö–∞—Ä—Ç–∞ –ò—Ä–∫—É—Ç—Å–∫–∞: —É–ª–∏—Ü—ã, –¥–æ–º–∞ –∏ –æ—Ä–≥–∞–Ω–∏–∑–∞—Ü–∏–∏ –≥–æ—Ä–æ–¥–∞ ‚Äî 2–ì–ò–°",2gis.ru,30974
"Fanfics.me - –í–æ—Å—å–º–∞—è, –¥–µ–≤—è—Ç–∞—è –∏ –¥–µ—Å—è—Ç–∞—è –∫–Ω–∏–≥–∏ –æ –ì–∞—Ä—Ä–∏ –ü–æ—Ç—Ç–µ—Ä–µ –≤ —Ñ–∞–Ω—Ñ–∏–∫–∞—Ö",fanfics.ru/,30877
–ù–ì–°.–ì–õ–ê–í–ù–ê–Ø ‚Äî –û–º—Å–∫,ngs55.ru/,30863
–¢—Ä–∞–Ω—Å–ø–æ—Ä—Ç–Ω–∞—è –ö–æ–º–ø–∞–Ω–∏—è –û–û–û &quot;–≠–Ω–µ—Ä–≥–∏—è&quot;,nrg-tk.ru/,30844
"bipbap.ru - —Å–≤–µ–∂–∏–π —é–º–æ—Ä, –Ω–æ–≤—ã–µ –ø—Ä–∏–∫–æ–ª—ã, –∫–ª–∞—Å—Å–Ω—ã–µ –≤–∏–¥–µ–æ",bipbap.ru/,30833
Citysakh.ru - –°–∞—Ö–∞–ª–∏–Ω—Å–∫–∏–π –ø–æ—Ä—Ç–∞–ª –°–∏—Ç–∏–°–∞—Ö,citysakh.ru/,30801
"–ö–∞—Ä—Ç–∞ –£—Ñ—ã: —É–ª–∏—Ü—ã, –¥–æ–º–∞ –∏ –æ—Ä–≥–∞–Ω–∏–∑–∞—Ü–∏–∏ –≥–æ—Ä–æ–¥–∞ ‚Äî 2–ì–ò–°",2gis.ru,30794
–ì—Ä—É–ø–ø–∞ —Å–∞–π—Ç–æ–≤ Ufa1.ru,ufa1.ru,30716
–ë–ª–æ–≥ –ò—Ä–∏–Ω—ã –ö–æ–∑–∏–Ω–æ–π,irina-kozina.ru/,30712
"Ferra.ru - –∫–∞—Ç–∞–ª–æ–≥ –∫–æ–º–ø–ª–µ–∫—Ç—É—é—â–∏—Ö, –æ–±–∑–æ—Ä—ã –∏ —Ç–µ—Å—Ç—ã –∫–æ–º–ø—å—é—Ç–µ—Ä–Ω–æ–≥–æ –∂–µ–ª–µ–∑–∞",www.ferra.ru/,30637
–ü–æ–∏—Å–∫ –õ–µ–∫—Ü–∏–π,poisk-ru.ru/,30593
–ì—Ä—É–ø–ø–∞ —Å–∞–π—Ç–æ–≤ 76.ru,r76,30581
C–æ—Ä–æ–∫ —Å–µ–º—å –Ω–æ–≤–æ—Å—Ç–µ–π –∏–∑ –õ–µ–Ω–∏–Ω–≥—Ä–∞–¥—Å–∫–æ–π –æ–±–ª–∞—Å—Ç–∏,www.47news.ru/,30577
–í–∏–∫–∏–¥–∞—á–∞ - –¥–∞—á–Ω–∞—è —ç–Ω—Ü–∏–∫–ª–æ–ø–µ–¥–∏—è,wiki-dacha.ru/,30575
NGS55.RU - –≥–ª–∞–≤–Ω—ã–µ –Ω–æ–≤–æ—Å—Ç–∏ –û–º—Å–∫–∞. Shkulev Digital,news.ngs55.ru,30543
–ì—Ä—É–ø–ø–∞ —Å–∞–π—Ç–æ–≤ –£—Ñ–∞—Ç–∞–π–º,ufacitynews.ru,30440
"–ö–∞—Ä—Ç–∞ –ü–µ—Ä–º–∏: —É–ª–∏—Ü—ã, –¥–æ–º–∞ –∏ –æ—Ä–≥–∞–Ω–∏–∑–∞—Ü–∏–∏ –≥–æ—Ä–æ–¥–∞ ‚Äî 2–ì–ò–°",2gis.ru,30426
Pravda.Ru - –ó–¥–æ—Ä–æ–≤—å–µ,www.pravda.ru/health/,30332
Mobile-review.com,mobile-review.com/,30331
"–ö—É–¥–∞ –ø–æ–π—Ç–∏? –ú–æ—Å–∫–≤–∞, –°–∞–Ω–∫—Ç-–ü–µ—Ç–µ—Ä–±—É—Ä–≥. KudaGo.",kudago.com/,30174
KONKURENT.RU,konkurent.ru/,30079
PravdaMilitary / –°–í–û,military.pravda.ru/,29986
–ì–∞–¥–∞–ª–∫–∏–Ω –¥–æ–º - —Å–∞–π—Ç –æ –Ω–µ–ø–æ–∑–Ω–∞–Ω–Ω–æ–º,gadalkindom.ru/,29884
–ü–æ—Ä—Ç–∞–ª —Ä–µ–º–æ–Ω—Ç–∞ –∞–≤—Ç–æ —Å–≤–æ–∏–º–∏ —Ä—É–∫–∞–º–∏ ‚Ññ1,atlib.ru/,29796
"–ö–∞—Ä—Ç–∞ –¢—é–º–µ–Ω–∏: —É–ª–∏—Ü—ã, –¥–æ–º–∞ –∏ –æ—Ä–≥–∞–Ω–∏–∑–∞—Ü–∏–∏ –≥–æ—Ä–æ–¥–∞ ‚Äî 2–ì–ò–°",2gis.ru,29488
–°–ª–µ—Ç–∞—Ç—å.—Ä—É - –ø–æ–∏—Å–∫ –∏ —Å—Ä–∞–≤–Ω–µ–Ω–∏–µ —Ü–µ–Ω –Ω–∞ —Ç—É—Ä—ã –∏ —á–∞—Ä—Ç–µ—Ä—ã –±–æ–ª–µ–µ 130 —Ç—É—Ä–æ–ø–µ—Ä–∞—Ç–æ—Ä–æ–≤,sletat.ru/,29487
–ú–æ–±–∏–ª—å–Ω–∞—è –≤–µ—Ä—Å–∏—è –ø–æ—Ä—Ç–∞–ª–∞ LiveInternet.ru,www.li.ru/,29451
Newsler.ru,newsler.ru/,29408
–ê—Å—Ç—Ä–æ–ª–æ–≥–∏—á–µ—Å–∫–∏–π –¥–Ω–µ–≤–Ω–∏–∫,geocult.ru/,29387
Newsler.Ru,newsler.ru,29328
ORSK.RU –ò–Ω—Ñ–æ—Ä–º–∞—Ü–∏–æ–Ω–Ω—ã–π –ø–æ—Ä—Ç–∞–ª,orsk.ru/,29261
¬´–ü–µ—Ç–µ—Ä–±—É—Ä–≥—Å–∫–∏–π –¥–Ω–µ–≤–Ω–∏–∫¬ª ‚Äî –æ—Ñ–∏—Ü–∏–∞–ª—å–Ω–æ–µ –∏–∑–¥–∞–Ω–∏–µ –ø—Ä–∞–≤–∏—Ç–µ–ª—å—Å—Ç–≤–∞ –°–∞–Ω–∫—Ç-–ü–µ—Ç–µ—Ä–±—É—Ä–≥–∞,www.spbdnevnik.ru/,29257
"–ê—Ä—Ö–∞–Ω–≥–µ–ª.ru: —Å–æ–Ω–Ω–∏–∫, –æ–Ω–ª–∞–π–Ω –≥–∞–¥–∞–Ω–∏—è, —Ç–µ—Å—Ç—ã, –≥–æ—Ä–æ—Å–∫–æ–ø—ã",arhangel.ru/,29250
–í—è—Ç–∫–∞ –û–±–ª–∞—Å—Ç–Ω–∞—è,vyatka-grad.ru/,29242
"–ö–∞—Ä—Ç–∞ –ö–∞–∑–∞–Ω–∏: —É–ª–∏—Ü—ã, –¥–æ–º–∞ –∏ –æ—Ä–≥–∞–Ω–∏–∑–∞—Ü–∏–∏ –≥–æ—Ä–æ–¥–∞ ‚Äî 2–ì–ò–°",2gis.ru,29187
–ñ—É—Ä–Ω–∞–ª &quot;–§–∏–Ω–∞–Ω—Å–æ–≤—ã–π –¥–∏—Ä–µ–∫—Ç–æ—Ä&quot;,www.fd.ru/,29144
–ö–æ–º—Å–æ–º–æ–ª—å—Å–∫–∞—è –ø—Ä–∞–≤–¥–∞ –≤ –ú–æ—Å–∫–æ–≤—Å–∫–æ–π –æ–±–ª–∞—Å—Ç–∏,mosobl.kp.ru,29102
–ü–†–û–í–ò–ù–¶–ò–Ø.–†–£,www.province.ru/,29073
–†–ë–ö - –†–æ—Å–ë–∏–∑–Ω–µ—Å–ö–æ–Ω—Å–∞–ª—Ç–∏–Ω–≥ - –ß–µ—Ä–Ω–æ–∑–µ–º—å–µ,chr.rbc.ru/,29039
–ì–ª–∞–≤–Ω–∞—è —Å—Ç—Ä–∞–Ω–∏—Ü–∞ OVGorskiy,ovgorskiy.ru/,29035
–ò–Ω—Ç–µ—Ä–Ω–µ—Ç-—Å–æ–æ–±—â–µ—Å—Ç–≤–æ —É—á–∏—Ç–µ–ª–µ–π,www.katti.ucoz.ru/,29012
–ú–ò–† –ö–í–ê–†–¢–ò–† - –Ω–µ–¥–≤–∏–∂–∏–º–æ—Å—Ç—å –±–µ–∑ –≥—Ä–∞–Ω–∏—Ü,mirkvartir.ru/,28977
"Mir24.tv: –Ω–æ–≤–æ—Å—Ç–∏ –¥–Ω—è, —Ñ–æ—Ç–æ –∏ –≤–∏–¥–µ–æ",mir24.tv/,28875
–ü–ª–æ—â–∞–¥–∫–∞ www.b2b-center.ru,www.b2b-center.ru/,28862
–ò–Ω—Ç–µ—Ä–Ω–µ—Ç-–º–∞–≥–∞–∑–∏–Ω &quot;–ö—É–ø–∏–¥–æ–Ω–∏—è&quot;,kupidonia.ru/,28806
–ò–Ω—Ç–µ—Ä–Ω–µ—Ç-–ø–æ—Ä—Ç–∞–ª –ì–æ—Ä–æ–¥ –ö–∏—Ä–æ–≤.RU,gorodkirov.ru,28791
Readovka67,readovka.ru/,28774
–ù–æ–≤–æ—Å—Ç–∏ –ê—Å—Ç—Ä–∞—Ö–∞–Ω–∏ –∏ —Ä–µ–≥–∏–æ–Ω–∞,kaspyinfo.ru/,28385
–°–µ—Ç—å —Ç–æ—Ä–≥–æ–≤—ã—Ö –ø–ª–æ—â–∞–¥–æ–∫ Alloy.ru (—Ä–∞–∑–º–µ—Å—Ç–∏ —Ç–æ–≤–∞—Ä—ã –±–µ—Å–ø–ª–∞—Ç–Ω–æ!),www.reklama.alloy.ru,28307
7info.ru –†–ò–ê ¬´7 –Ω–æ–≤–æ—Å—Ç–µ–π¬ª,7info.ru/,28232
Hearst Shkulev Digital ‚Äî –ü–û–ì–û–î–ê,pogoda.ngs.ru,28190
–°–µ—Ç—å –ø–æ—Ä—Ç–∞–ª–æ–≤ LIVE,cheb-live.ru,28118
–í–µ—Å—Ç–∏ –ú–æ—Å–∫–æ–≤—Å–∫–æ–≥–æ —Ä–µ–≥–∏–æ–Ω–∞,www.mosregion.info/,28012
–ì–æ—Ç–æ–≤–∏–º –¥–æ–º–∞ - –ø—Ä–æ—Å—Ç—ã–µ –∫—É–ª–∏–Ω–∞—Ä–Ω—ã–µ —Ä–µ—Ü–µ–ø—Ç—ã —Å —Ñ–æ—Ç–æ–≥—Ä–∞—Ñ–∏—è–º–∏,gotovim-doma.ru/,27833
"GameMAG - –ù–û–í–û–°–¢–ò, –§–û–†–£–ú–´, –¢–£–°–û–í–ö–ê",gamemag.ru/,27795
–°–µ–º–µ–π–Ω—ã–µ —Å–∞–π—Ç—ã –ê–õ–ü-–ú–µ–¥–∏–∞,7ya.ru/,27781
Shopozz - —Å–µ—Ä–≤–∏—Å –ø–æ–∫—É–ø–æ–∫ –∑–∞ —Ä—É–±–µ–∂–æ–º,shopozz.ru/,27761
Passion,www.passion.ru,27738
–ñ—É—Ä–Ω–∞–ª &quot;–†–æ—Å—Å–∏–π—Å–∫–∏–π –Ω–∞–ª–æ–≥–æ–≤—ã–π –∫—É—Ä—å–µ—Ä&quot;,www.rnk.ru/,27725
–ü–µ—Ä–≤—ã–π –ñ–µ–Ω—Å–∫–∏–π,www.ladys.media/,27630
Newstracker.ru - 1MI,newstracker.ru/,27629
–°–ø–æ—Ä—Ç - RT –Ω–∞ —Ä—É—Å—Å–∫–æ–º,russian.rt.com/sport/,27463
–ü–µ—Ç—Ä–æ–∑–∞–≤–æ–¥—Å–∫ –≥–æ–≤–æ—Ä–∏—Ç,ptzgovorit.ru/,27412
–î—É–º–∞ –¢–í,dumatv.ru/,27370
¬´–¢—É–ª—å—Å–∫–∏–µ –Ω–æ–≤–æ—Å—Ç–∏¬ª,newstula.ru/,27342
&quot;–ö–æ–º—Å–æ–º–æ–ª—å—Å–∫–∞—è –ø—Ä–∞–≤–¥–∞&quot; –°–∞–º–∞—Ä–∞,samara.kp.ru,27286
"–ö–∞—Ä—Ç–∞ –û–º—Å–∫–∞: —É–ª–∏—Ü—ã, –¥–æ–º–∞ –∏ –æ—Ä–≥–∞–Ω–∏–∑–∞—Ü–∏–∏ –≥–æ—Ä–æ–¥–∞ ‚Äî 2–ì–ò–°",2gis.ru,27149
Pro –ì–æ—Ä–æ–¥ –í–ª–∞–¥–∏–º–∏—Ä,progorod33.ru/,27144
"–°–∞–¥–æ–≤–Ω–∏–∫ ‚Äì –≤—Å–µ –¥–ª—è –¥–∞—á–Ω–æ–≥–æ —É—á–∞—Å—Ç–∫–∞, —Å–∞–¥–∞, –æ–≥–æ—Ä–æ–¥–∞ –∏ –¥–æ–º–∞",www.supersadovnik.ru/,27131
"HeadHunter::–ù–∏–∂–Ω–∏–π –ù–æ–≤–≥–æ—Ä–æ–¥ - –ª—É—á—à–∏–µ –≤–∞–∫–∞–Ω—Å–∏–∏, —É—Å–ø–µ—à–Ω—ã–µ –∫–∞–Ω–¥–∏–¥–∞—Ç—ã",nn.hh.ru/,27116
–ü—Ä–∞–≤–æ—Å–ª–∞–≤–∏–µ.Ru,www.pravoslavie.ru/,27102
Nakhodka.Media,nakhodka.media/,27057
&quot;–ö–æ–º—Å–æ–º–æ–ª—å—Å–∫–∞—è –ø—Ä–∞–≤–¥–∞&quot; –ß–µ–ª—è–±–∏–Ω—Å–∫,chel.kp.ru,26973
FreeTP –ò–≥—Ä–∞–π –±–µ—Å–ø–ª–∞—Ç–Ω–æ –≤ –ª—é–±–∏–º—ã–µ –∏–≥—Ä—ã –ø–æ —Å–µ—Ç–∏ –∏ –∏–Ω—Ç–µ—Ä–Ω–µ—Ç—É,freetp.org/,26959
Pravda.Ru: –®–æ—É-–±–∏–∑–Ω–µ—Å,www.pravda.ru/showbiz/,26911
–°—Ç—Ä–∞–Ω–∞ –º–∞–º,www.stranamam.ru/,26810
"–ò–ê –ü–µ–Ω–∑–∞–ò–Ω—Ñ–æ—Ä–º ‚Äî –ù–æ–≤–æ—Å—Ç–∏ –ü–µ–Ω–∑—ã –∏ –ü–µ–Ω–∑–µ–Ω—Å–∫–æ–π –æ–±–ª–∞—Å—Ç–∏, –æ–±—ä—è–≤–ª–µ–Ω–∏—è, –∞—Ñ–∏—à–∞, —Ñ–æ—Ä—É–º",www.penzainform.ru/,26782
–†—É–ø–æ—Å—Ç–µ—Ä—Å,ruposters.ru/,26691
–ú–∏—Ä –∫–æ—Å–º–æ—Å–∞,mirkosmosa.ru/,26553
–ì–¢–†–ö &quot;–°–∞–º–∞—Ä–∞&quot;,tvsamara.ru/,26460
AMUR.LIFE,www.amur.life/,26450
SakhaDay. –ù–æ–≤–æ—Å—Ç–∏ –Ø–∫—É—Ç–∏–∏,sakhaday.ru/,26370
–ê—Ä—Ç –∞—Å—Å–æ—Ä—Ç–∏,art-assorty.ru/,26337
–ü–õ–ï–ô–ú–ï–ô–ö–ï–† - –≥–∏–¥ –≤ –º–∏—Ä–µ —Å–ø–æ—Ä—Ç–∞,playmaker24.ru/,26219
https://hochu-na-yuga.ru/,hochu-na-yuga.ru/,26159
"–í–∞—à–ì–æ—Ä–æ–¥.—Ä—É - –ö—É–∑–±–∞—Å—Å (–ö–µ–º–µ—Ä–æ–≤–æ, –ù–æ–≤–æ–∫—É–∑–Ω–µ—Ü–∫)",vashgorod.ru,26101
"–ö–∞—Ä—Ç–∞ –ö—Ä–∞—Å–Ω–æ–¥–∞—Ä–∞: —É–ª–∏—Ü—ã, –¥–æ–º–∞ –∏ –æ—Ä–≥–∞–Ω–∏–∑–∞—Ü–∏–∏ –≥–æ—Ä–æ–¥–∞ ‚Äî 2–ì–ò–°",2gis.ru,25964
220vk - –£–∑–Ω–∞–π –∫–æ–≥–æ —Å–∫—Ä—ã–≤–∞—é—Ç —Ç–≤–æ–∏ –¥—Ä—É–∑—å—è –í–ö–æ–Ω—Ç–∞–∫—Ç–µ,220vk.com/,25894
"–ò–Ω—Ñ–æ—Ä–º–∞–≥–µ–Ω—Ç—Å—Ç–≤–æ &quot;–ë–ù–ö&quot; (–†–µ—Å–ø—É–±–ª–∏–∫–∞ –ö–æ–º–∏, –°—ã–∫—Ç—ã–≤–∫–∞—Ä)",bnkomi.ru/,25833
–ù–æ–≤–æ—Å—Ç–∏ –∏ —Å–æ–±—ã—Ç–∏—è –≤ –ï–∫–∞—Ç–µ—Ä–∏–Ω–±—É—Ä–≥–µ –≤ –°–≤–µ—Ä–¥–ª–æ–≤—Å–∫–æ–π –æ–±–ª–∞—Å—Ç–∏.,www.ekb-on-air.ru/,25819
"–ö–∞—Ä—Ç–∞ –ë–∞—Ä–Ω–∞—É–ª–∞: —É–ª–∏—Ü—ã, –¥–æ–º–∞ –∏ –æ—Ä–≥–∞–Ω–∏–∑–∞—Ü–∏–∏ –≥–æ—Ä–æ–¥–∞ ‚Äî 2–ì–ò–°",2gis.ru,25814
"Soccer.Ru - –Ω–æ–≤–æ—Å—Ç–∏ —Ñ—É—Ç–±–æ–ª–∞, –∞–Ω–∞–ª–∏—Ç–∏–∫–∞",www.soccer.ru/,25736
–°–æ–≤–µ—Ç—Å–∫–∏–π —Å–ø–æ—Ä—Ç,www.sovsport.ru/,25696
&quot;–ö–æ–º—Å–æ–º–æ–ª—å—Å–∫–∞—è –ø—Ä–∞–≤–¥–∞&quot; –£—Ñ–∞,ufa.kp.ru,25652
BigPicture.ru - –ù–æ–≤–æ—Å—Ç–∏ –≤ —Ñ–æ—Ç–æ–≥—Ä–∞—Ñ–∏—è—Ö,bigpicture.ru/,25618
–ò–ê –í—ã—Å–æ—Ç–∞ 102,v102.ru/,25502
–ë–∞–Ω–∫ –ì–æ—Ä—è—â–∏—Ö –¢—É—Ä–æ–≤,bankturov.ru,25494
Citaty.info - —Ü–∏—Ç–∞—Ç—ã –Ω–∞ –ª—é–±–æ–π –≤–∫—É—Å,citaty.info/,25447
–î–æ–º-2,dom2.ru/,25397
–ö–∏–±–µ—Ä–ü–µ–¥–∏—è,cyberpedia.su/,25388
Sibnet.ru - –≤—Å–µ –≥–æ—Ä–æ–¥–∞ –°–∏–±–∏—Ä–∏,www.sibnet.ru/,25388
–î–æ–Ω–±–∞—Å—Å –°–µ–≥–æ–¥–Ω—è,donbasstoday.ru/,25376
NN.RU ‚Äî –§–æ—Ä—É–º—ã,hsdigital/rn/forum/52,25341
–°—Ç–æ–ª–∏—Ü–∞ –° - –≥–∞–∑–µ—Ç–∞ —Ä–µ—Å–ø—É–±–ª–∏–∫–∏ –ú–æ—Ä–¥–æ–≤–∏—è,stolica-s.su/,25326
"1–≥–∞–∏.—Ä—É - –ò–Ω—Ç–µ—Ä–Ω–µ—Ç –∏–∑–¥–∞–Ω–∏–µ –¥–ª—è —Ç–µ—Ö, –∫—Ç–æ –ª—é–±–∏—Ç –≤—Å–µ, —á—Ç–æ –¥–≤–∏–∂–µ—Ç—Å—è",1gai.ru/,25317
–ò–Ω—Ñ–æ—Ä–º–∞–≥–µ–Ω—Ç—Å—Ç–≤–æ &quot;–û —á–µ–º –≥–æ–≤–æ—Ä–∏—Ç –°–º–æ–ª–µ–Ω—Å–∫&quot;,smolensk-i.ru/,25237
Muksun.fm - 1MI,muksun.fm/,25215
N1.RU ‚Äî –ù–ï–î–í–ò–ñ–ò–ú–û–°–¢–¨ / Hearst Shkulev Digital (E1+NGS+74+N1),realty.ngs.ru,25183
–ò–Ω—Ñ–æ—Ä–º–∞—Ü–∏–æ–Ω–Ω–æ–µ –∞–≥–µ–Ω—Ç—Å—Ç–≤–æ –ê–º–∏—Ç–µ–ª,amic.ru,25155
BAZR.ru - –°–º–æ—Ç—Ä–µ—Ç—å –±–µ—Å–ø–ª–∞—Ç–Ω–æ —Ä—É—Å—Å–∫–∏–µ —Å–µ—Ä–∏–∞–ª—ã,bazr.ru/,25111
–ò–ê ¬´–ö—Ä–∞—Å–Ω–∞—è –≤–µ—Å–Ω–∞¬ª,rossaprimavera.ru/,25052
Mkset.ru - 1MI,www.mkset.ru/,25026
wikiway.com ‚Äì –ø—É—Ç–µ–≤–æ–¥–∏—Ç–µ–ª—å –ø–æ —Å—Ç—Ä–∞–Ω–∞–º –º–∏—Ä–∞,wikiway.com/,24966
–ö–æ–º–ø—å—é—Ç–µ—Ä–Ω–∞—è –ø–æ–º–æ—â—å –Ω–æ–≤–∏—á–∫—É,sdelaicomp.ru/,24941
"HeadHunter::–ö–∞–∑–∞–Ω—å ‚Äì –ª—É—á—à–∏–µ –≤–∞–∫–∞–Ω—Å–∏–∏, —É—Å–ø–µ—à–Ω—ã–µ –∫–∞–Ω–¥–∏–¥–∞—Ç—ã",kazan.hh.ru/,24888
–¶–∞—Ä—å–≥—Ä–∞–¥ –ï–∫–∞—Ç–µ—Ä–∏–Ω–±—É—Ä–≥,ekb.tsargrad.tv/,24869
"–°–∞–º–æ–ü–æ–¥–≥–æ—Ç–æ–≤–∫–∞ –∫ –ï–ì–≠: —É—á–µ–±–Ω–∏–∫–∏, –¥–µ–º–æ–≤–µ—Ä—Å–∏–∏, –∑–∞–¥–∞–Ω–∏—è –∏ –∫–Ω–∏–≥–∏!",ctege.org/,24826
–í–æ–ø—Ä–æ—Å—ã –∏ –æ—Ç–≤–µ—Ç—ã –ø–æ 1–°,forum.infostart.ru/,24790
–°—Ç—É–¥–æ–ø–µ–¥–∏—è.–°—É,studopedia.su/,24697
UfacityNews.ru - –Ω–æ–≤–æ—Å—Ç–∏ –£—Ñ—ã –¥–ª—è –≤—Å–µ—Ö,ufacitynews.ru/,24688
SuperOmsk.ru. –û–º—Å–∫–æ–µ —Ä–µ–≥–∏–æ–Ω–∞–ª—å–Ω–æ–µ –∏–Ω—Ñ–æ—Ä–º–∞—Ü–∏–æ–Ω–Ω–æ–µ –∞–≥–µ–Ω—Ç—Å—Ç–≤–æ,superomsk.ru/,24594
GoHa.Ru - –§–æ—Ä—É–º—ã –∏ –°–∞–π—Ç—ã –ú–ú–û–†–ü–ì. –í—Å–µ –Ω–æ–≤–æ—Å—Ç–∏ –ò–≥—Ä–æ–≤–æ–≥–æ –ú–∏—Ä–∞ –∏ –ú–∏—Ä–∞ –ö–æ–º–ø—å—é—Ç–µ—Ä–æ–≤.,www.goha.ru/,24554
"Calorizator.ru - –ê–Ω–∞–ª–∏–∑–∏—Ä—É–π —Ç–æ, —á—Ç–æ —Ç—ã –µ—à—å!",calorizator.ru/,24524
–ë–ö55 –û–º—Å–∫ –∏ –û–º—Å–∫–∞—è –æ–±–ª–∞—Å—Ç—å. –ò–Ω—Ñ–æ—Ä–º–∞—Ü–∏–æ–Ω–Ω—ã–π –ø–æ—Ä—Ç–∞–ª,bk55.ru,24506
